url,name,birth
https://www.vitterhetsakademien.se/ledamoter/ledamoter/rask-rasmus-kristian.html,"Rask, Rasmus Kristian",1787-11-2
https://www.vitterhetsakademien.se/ledamoter/ledamoter/holmback-ake-ernst-vilhelm.html,"Holmbäck, Åke Ernst Vilhelm",1889-04-1
https://www.vitterhetsakademien.se/ledamoter/ledamoter/rygh-oluf.html,"Rygh, Oluf",1833-09-0
https://www.vitterhetsakademien.se/ledamoter/ledamoter/wilde-anders.html,"Wilde, Anders",1725 — d.
https://www.vitterhetsakademien.se/ledamoter/ledamoter/odhner-claes-theodor.html,"Odhner, Claes Theodor",1836-06-1
https://www.vitterhetsakademien.se/ledamoter/ledamoter/tuneld-john-otto.html,"Tuneld, John Otto",1904-02-1
https://www.vitterhetsakademien.se/ledamoter/ledamoter/riis-poul-jorgen.html,"Riis, Poul Jørgen",1910-05-2
https://www.vitterhetsakademien.se/ledamoter/ledamoter/schnutgen-johann-wilhelm-alexander.html,"Schnütgen, Johann Wilhelm Alexander",1843-04-2
https://www.vitterhetsakademien.se/ledamoter/ledamoter/de-rossi-giovanni-battista-.html,"de Rossi, Giovanni Battista",1822-02-2
https://www.vitterhetsakademien.se/ledamoter/ledamoter/wentzel-hans.html,"Wentzel, Hans",1913-02-0
https://www.vitterhetsakademien.se/ledamoter/ledamoter/mornet-daniel.html,"Mornet, Daniel",1878-03-2
https://www.vitterhetsakademien.se/ledamoter/ledamoter/jansson-erik-valter.html,"Jansson, Erik Valter",1907-05-2
https://www.vitterhetsakademien.se/ledamoter/ledamoter/regenbogen-otto.html,"Regenbogen, Otto",1891-02-1
https://www.vitterhetsakademien.se/ledamoter/ledamoter/tunberg-sven-august-daniel.html,"Tunberg, Sven August Daniel",1882-02-0
https://www.vitterhetsakademien.se/ledamoter/ledamoter/warburg-karl-johan.html,"Warburg, Karl Johan",1852-11-2
https://www.vitterhetsakademien.se/ledamoter/ledamoter/nyerup-rasmus.html,"Nyerup, Rasmus",1759-03-1
https://www.vitterhetsakademien.se/ledamoter/ledamoter/lundh-gregers-fougner.html,"Lundh, Gregers Fougner",1786-05-1
https://www.vitterhetsakademien.se/ledamoter/ledamoter/lisch-georg-christian-friedrich.html,"Lisch, Georg Christian Friedrich",1801-03-2
https://www.vitterhetsakademien.se/ledamoter/ledamoter/wahlin-hans-fredrik-theodor.html,"Wåhlin, Hans Fredrik Theodor",1864-12-1
https://www.vitterhetsakademien.se/ledamoter/ledamoter/galster-jorgen-georg-castonier.html,"Galster, Jørgen Georg Castonier",1889-05-1
https://www.vitterhetsakademien.se/ledamoter/ledamoter/menendez-pidal-ramon.html,"Menéndez Pidal, Ramón",1869-03-1
https://www.vitterhetsakademien.se/ledamoter/ledamoter/nordin-per-fredrik-stanislaus.html,"Nordin, Per Fredrik Stanislaus",1852-05-0
https://www.vitterhetsakademien.se/ledamoter/ledamoter/geijer-agnes-theresa.html,"Geijer, Agnes Theresa",1898-10-2
https://www.vitterhetsakademien.se/ledamoter/ledamoter/de-paris-marc-antoine-jullien.html,"de Paris, Marc-Antoine Jullien",1775-03-1
https://www.vitterhetsakademien.se/ledamoter/ledamoter/wistrand-erik-karl-hilding.html,"Wistrand, Erik Karl Hilding",1907-01-2
https://www.vitterhetsakademien.se/ledamoter/ledamoter/lundvall-carl-johan.html,"Lundvall, Carl Johan",1775-08-1
https://www.vitterhetsakademien.se/ledamoter/ledamoter/hallencreutz-carl-fredrik.html,"Hallencreutz, Carl Fredrik",1934-05-0
https://www.vitterhetsakademien.se/ledamoter/ledamoter/westman-henric-johan-ludvig.html,"Westman, Henric Johan Ludvig",1853-12-1
https://www.vitterhetsakademien.se/ledamoter/ledamoter/geijer-erik-gustaf.html,"Geijer, Erik Gustaf",1783-01-1
https://www.vitterhetsakademien.se/ledamoter/ledamoter/jespersen-jens-otto-harry.html,"Jespersen, Jens Otto Harry",1860-07-1
https://www.vitterhetsakademien.se/ledamoter/ledamoter/troyon-frederic-louis.html,"Troyon, Frédéric Louis",1815 — d.
https://www.vitterhetsakademien.se/ledamoter/ledamoter/schele-sune-gustaf-magnus.html,"Schéle, Sune Gustaf Magnus",1896-10-0
https://www.vitterhetsakademien.se/ledamoter/ledamoter/allen-sture.html,"Allén, Sture",1928-12-3
https://www.vitterhetsakademien.se/ledamoter/ledamoter/lo-faso-piestranta-domenico-antonio.html,"Lo Faso Piestranta, Domenico Antonio",1783-02-2
https://www.vitterhetsakademien.se/ledamoter/ledamoter/molbech-christian.html,"Molbech, Christian",1783-10-0
https://www.vitterhetsakademien.se/ledamoter/ledamoter/ravila-paavo-ilmari.html,"Ravila, Paavo Ilmari",1902-07-0
https://www.vitterhetsakademien.se/ledamoter/ledamoter/palmgren-sven-magnus-ludvig-frithiof.html,"Palmgren, Sven Magnus Ludvig Frithiof",1844-03-2
https://www.vitterhetsakademien.se/ledamoter/ledamoter/lundh-johan-fredrik.html,"Lundh, Johan Fredrik",1809-04-1
https://www.vitterhetsakademien.se/ledamoter/ledamoter/hall-john-richard-clark.html,"Hall, John Richard Clark",1855 — d.
https://www.vitterhetsakademien.se/ledamoter/ledamoter/oldeberg-andreas-emil.html,"Oldeberg, Andreas Emil",1892-08-1
https://www.vitterhetsakademien.se/ledamoter/ledamoter/hjarne-erland.html,"Hjärne, Erland",1887-07-1
https://www.vitterhetsakademien.se/ledamoter/ledamoter/lamm-martin.html,"Lamm, Martin",1880-06-2
https://www.vitterhetsakademien.se/ledamoter/ledamoter/herrlin-per-axel-samuel.html,"Herrlin, Per Axel Samuel",1870-03-3
https://www.vitterhetsakademien.se/ledamoter/ledamoter/uldall-johannes-frederik-christian.html,"Uldall, Johannes Frederik Christian",1839-02-1
https://www.vitterhetsakademien.se/ledamoter/ledamoter/tallgren-aarne-michael.html,"Tallgren, Aarne Michaël",1885-02-0
https://www.vitterhetsakademien.se/ledamoter/ledamoter/hartman-lars.html,"Hartman, Lars",1930-03-0
https://www.vitterhetsakademien.se/ledamoter/ledamoter/stiernstedt-lars-ulf-johansson.html,"Stiernstedt, Lars Ulf Johansson",1909-01-1
https://www.vitterhetsakademien.se/ledamoter/ledamoter/eurenius-malte-carl-josef.html,"Eurenius, Malte Carl Josef",1821-03-2
https://www.vitterhetsakademien.se/ledamoter/ledamoter/johannesson-kurt.html,"Johannesson, Kurt",1935-06-0
https://www.vitterhetsakademien.se/ledamoter/ledamoter/konopczynsk-wladyslaw-alexander.html,"Konopczynsk, Wladyslaw Alexander",1880-11-2
https://www.vitterhetsakademien.se/ledamoter/ledamoter/walberg-frans-gustaf-emanuel.html,"Walberg, Frans Gustaf Emanuel",1873-12-2
https://www.vitterhetsakademien.se/ledamoter/ledamoter/heise-carl-georg.html,"Heise, Carl Georg",1890-06-2
https://www.vitterhetsakademien.se/ledamoter/ledamoter/marc-wogau-konrad.html,"Marc-Wogau, Konrad",1902-04-0
https://www.vitterhetsakademien.se/ledamoter/ledamoter/kalund-peter-erasmus-kristian.html,"Kålund, Peter Erasmus Kristian",1844-08-1
https://www.vitterhetsakademien.se/ledamoter/ledamoter/gustav-v-konung.html,"Gustav V, konung",1858-06-1
https://www.vitterhetsakademien.se/ledamoter/ledamoter/sjostrand-bengt-hakan-wilhelm.html,"Sjöstrand, Bengt Håkan Wilhelm",1909-08-1
https://www.vitterhetsakademien.se/ledamoter/ledamoter/holmberg-axel-olof.html,"Holmberg, Axel Olof",1893-10-2
https://www.vitterhetsakademien.se/ledamoter/ledamoter/linner-carl-sture.html,"Linnér, Carl Sture",1917-06-1
https://www.vitterhetsakademien.se/ledamoter/ledamoter/nyberg-henrik-samuel.html,"Nyberg, Henrik Samuel",1889-12-2
https://www.vitterhetsakademien.se/ledamoter/ledamoter/wedberg-anders-erik-otto.html,"Wedberg, Anders Erik Otto",1913-03-3
https://www.vitterhetsakademien.se/ledamoter/ledamoter/norberg-petrus.html,"Norberg, Petrus",1875-11-2
https://www.vitterhetsakademien.se/ledamoter/ledamoter/wahlstedt-axel-johan-gabriel.html,"Wahlstedt, Axel Johan Gabriel",1867-01-1
https://www.vitterhetsakademien.se/ledamoter/ledamoter/eriksson-gunnar.html,"Eriksson, Gunnar",1931-07-1
https://www.vitterhetsakademien.se/ledamoter/ledamoter/rydqvist-johan-erik.html,"Rydqvist, Johan Erik",1800-10-2
https://www.vitterhetsakademien.se/ledamoter/ledamoter/von-hammer-purgstall-josef-freiherr.html,von Hammer-Purgstall Josef Freiherr,1774-06-0
https://www.vitterhetsakademien.se/ledamoter/ledamoter/von-feilitzen-carl-olof-.html,von Feilitzen Carl Olof,1908-08-3
https://www.vitterhetsakademien.se/ledamoter/ledamoter/soderberg-johan.html,Söderberg Johan,1950-01-1
https://www.vitterhetsakademien.se/ledamoter/ledamoter/runeberg-johan-ludvig.html,"Runeberg, Johan Ludvig",1804-02-0
https://www.vitterhetsakademien.se/ledamoter/ledamoter/flinders-petrie-sir-william-matthew.html,"Flinders, Petrie Sir William Matthew",1853-06-0
https://www.vitterhetsakademien.se/ledamoter/ledamoter/von-wartburg-walther-.html,von Wartburg Walther,1888-05-1
https://www.vitterhetsakademien.se/ledamoter/ledamoter/ljungstrom-claes-johan.html,"Ljungström, Claës Johan",1819-07-2
https://www.vitterhetsakademien.se/ledamoter/ledamoter/vennberg-erik-linus.html,"Vennberg, Erik Linus",1886-11-2
https://www.vitterhetsakademien.se/ledamoter/ledamoter/klemming-gustaf-edvard.html,"Klemming, Gustaf Edvard",1823-09-0
https://www.vitterhetsakademien.se/ledamoter/ledamoter/platbarzdis-aleksandrs.html,"Platbarzdis, Aleksandrs",1899-09-0
https://www.vitterhetsakademien.se/ledamoter/ledamoter/tornberg-carl-johan.html,"Tornberg, Carl Johan",1807-10-2
https://www.vitterhetsakademien.se/ledamoter/ledamoter/hogberg-folke.html,"Högberg, Folke",1884-03-2
https://www.vitterhetsakademien.se/ledamoter/ledamoter/von-kohler-heinrich-carl-ernst.html,von Köhler Heinrich Carl Ernst,1765-08-2
https://www.vitterhetsakademien.se/ledamoter/ledamoter/piot-guillaume-joseph-charles.html,"Piot, Guillaume Joseph Charles",1812-10-1
https://www.vitterhetsakademien.se/ledamoter/ledamoter/norberg-mathias.html,"Norberg, Mathias",midsommar
https://www.vitterhetsakademien.se/ledamoter/ledamoter/silfverstolpe-carl-gudmund-uno.html,"Silfverstolpe, Carl Gudmund Uno",1840-03-3
https://www.vitterhetsakademien.se/ledamoter/ledamoter/nordenskiold-carl-fredrik.html,"Nordenskiöld, Carl Fredrik",1818-05-1
https://www.vitterhetsakademien.se/ledamoter/ledamoter/de-montyon-antoine-jean-baptiste-robert-auget.html,"de Montyon, Antoine Jean Baptiste Robert Auget",1733-12-2
https://www.vitterhetsakademien.se/ledamoter/ledamoter/torin-karl-johan-laurentius.html,"Torin, Karl Johan Laurentius",1826-06-1
https://www.vitterhetsakademien.se/ledamoter/ledamoter/sveinsson-einar-olafur.html,"Sveinsson, Einar Ólafur",1899-12-1
https://www.vitterhetsakademien.se/ledamoter/ledamoter/knutsson-karl-eric.html,"Knutsson, Karl Eric",1932-05-3
https://www.vitterhetsakademien.se/ledamoter/ledamoter/ahlen-gustav-waldemar.html,"Åhlén, Gustav Waldemar",1894-07-2
https://www.vitterhetsakademien.se/ledamoter/ledamoter/gustafson-gabriel-adolf.html,"Gustafson, Gabriel Adolf",1853-08-0
https://www.vitterhetsakademien.se/ledamoter/ledamoter/fabricius-knud-frederik-krog.html,"Fabricius, Knud Frederik Krog",1875-08-1
https://www.vitterhetsakademien.se/ledamoter/ledamoter/pedersen-johannes-peder-ejler.html,"Pedersen, Johannes Peder Ejler",1883-11-0
https://www.vitterhetsakademien.se/ledamoter/ledamoter/lorenzen-vilhelm-birkedal.html,"Lorenzen, Vilhelm Birkedal",1877-01-2
https://www.vitterhetsakademien.se/ledamoter/ledamoter/tegner-esaias-henrik-vilhelm.html,"Tegnér, Esaias Henrik Vilhelm",1843-01-1
https://www.vitterhetsakademien.se/ledamoter/ledamoter/masreliez-louis-adrien.html,"Masreliez, Louis Adrien",1748 — d.
https://www.vitterhetsakademien.se/ledamoter/ledamoter/langberg-harald.html,"Langberg, Harald",1919-08-0
https://www.vitterhetsakademien.se/ledamoter/ledamoter/falk-cecilia.html,"Falk, Cecilia",1960-08-2
https://www.vitterhetsakademien.se/ledamoter/ledamoter/sjobring-pehr.html,"Sjöbring, Pehr",1776-10-2
https://www.vitterhetsakademien.se/ledamoter/ledamoter/remusat-jean-pierre-abel.html,"Rémusat, Jean Pierre Abel",1788-09-0
https://www.vitterhetsakademien.se/ledamoter/ledamoter/hackman-alfred-leopold-fredrik.html,"Hackman, Alfred Leopold Fredrik",1864-10-1
https://www.vitterhetsakademien.se/ledamoter/ledamoter/laureani-gabriele.html,"Laureani, Gabriele",1788 — d.
https://www.vitterhetsakademien.se/ledamoter/ledamoter/putnam-frederic-ward.html,"Putnam, Frederic Ward",1839-04-1
https://www.vitterhetsakademien.se/ledamoter/ledamoter/gourdin-dom-francois-philippe.html,"Gourdin, Dom François Philippe",1739-11-0
https://www.vitterhetsakademien.se/ledamoter/ledamoter/soderstrom-moses.html,"Söderström, Moses",1774-06-2
https://www.vitterhetsakademien.se/ledamoter/ledamoter/henry-albert.html,"Henry, Albert",1910-03-2
https://www.vitterhetsakademien.se/ledamoter/ledamoter/hojer-torvald-magnusson.html,"Höjer, Torvald Magnusson",1876-12-1
https://www.vitterhetsakademien.se/ledamoter/ledamoter/strinnholm-anders-magnus.html,"Strinnholm, Anders Magnus",1786-11-2
https://www.vitterhetsakademien.se/ledamoter/ledamoter/nilsson-goran-b..html,"Nilsson, Göran B.",1934-10-0
https://www.vitterhetsakademien.se/ledamoter/ledamoter/hubert-henri.html,"Hubert, Henri",1872-06-2
https://www.vitterhetsakademien.se/ledamoter/ledamoter/hansson-hans-niklas-teodor.html,"Hansson, Hans Niklas Teodor",1859-09-1
https://www.vitterhetsakademien.se/ledamoter/ledamoter/mettinger-tryggve.html,"Mettinger, Tryggve",1940-06-0
https://www.vitterhetsakademien.se/ledamoter/ledamoter/von-malmborg-boo-fredrik-.html,von Malmborg Boo Fredrik,1905-12-0
https://www.vitterhetsakademien.se/ledamoter/ledamoter/tilander-artur-gunnar.html,"Tilander, Artur Gunnar",1894-07-2
https://www.vitterhetsakademien.se/ledamoter/ledamoter/hjortsjo-carl-herman-julius.html,"Hjortsjö, Carl-Herman Julius",1914-12-0
https://www.vitterhetsakademien.se/ledamoter/ledamoter/olsson-axel-vilhelm-martin.html,"Olsson, Axel Vilhelm Martin",1886-04-3
https://www.vitterhetsakademien.se/ledamoter/ledamoter/rundgren-gustav-frithiof.html,"Rundgren, Gustav Frithiof",1921-12-2
https://www.vitterhetsakademien.se/ledamoter/ledamoter/filip-jan.html,"Filip, Jan",1900-12-2
https://www.vitterhetsakademien.se/ledamoter/ledamoter/tieck-johann-ludwig.html,"Tieck, Johann Ludwig",1773-05-3
https://www.vitterhetsakademien.se/ledamoter/ledamoter/hallenberg-jonas.html,"Hallenberg, Jonas",1748-11-0
https://www.vitterhetsakademien.se/ledamoter/ledamoter/undset-ingvald-martin.html,"Undset, Ingvald Martin",1853-11-0
https://www.vitterhetsakademien.se/ledamoter/ledamoter/feilberg-henning-frederik.html,"Feilberg, Henning Frederik",1831-08-0
https://www.vitterhetsakademien.se/ledamoter/ledamoter/ljunggren-carl-johan-fredrik.html,"Ljunggren, Carl Johan Fredrik",1858-11-0
https://www.vitterhetsakademien.se/ledamoter/ledamoter/hildebrand-bengt-olof-hildebrand.html,"Hildebrand, Bengt Olof Hildebrand",1893-02-0
https://www.vitterhetsakademien.se/ledamoter/ledamoter/wieselgren-harald-ossian.html,"Wieselgren, Harald Ossian",1835-11-0
https://www.vitterhetsakademien.se/ledamoter/ledamoter/nordstrom-nils-johan.html,"Nordström, Nils Johan",1891-05-1
https://www.vitterhetsakademien.se/ledamoter/ledamoter/posse-goran-edvard-henning.html,"Posse, Göran Edvard Henning",1868-11-0
https://www.vitterhetsakademien.se/ledamoter/ledamoter/karlgren-klas-bernhard-johannes.html,"Karlgren, Klas Bernhard Johannes",1889-10-0
https://www.vitterhetsakademien.se/ledamoter/ledamoter/mercati-angelo.html,"Mercati, Angelo",1870-10-0
https://www.vitterhetsakademien.se/ledamoter/ledamoter/hallberg-mauritz-emil-fredrik.html,"Hallberg, Mauritz Emil Fredrik",1851-08-0
https://www.vitterhetsakademien.se/ledamoter/ledamoter/holmberg-axel-emanuel.html,"Holmberg, Axel Emanuel",1817-04-2
https://www.vitterhetsakademien.se/ledamoter/ledamoter/hagendahl-karl-oskar-harald.html,"Hagendahl, Karl Oskar Harald",1889-08-3
https://www.vitterhetsakademien.se/ledamoter/ledamoter/svennung-josef-gusten-algot.html,"Svennung, Josef Gusten Algot",1895-01-0
https://www.vitterhetsakademien.se/ledamoter/ledamoter/erixon-sigurd-emanuel.html,"Erixon, Sigurd Emanuel",1888-03-2
https://www.vitterhetsakademien.se/ledamoter/ledamoter/fogelberg-bengt-erland.html,"Fogelberg, Bengt Erland",1786-08-0
https://www.vitterhetsakademien.se/ledamoter/ledamoter/rosen-jerker-ingmar.html,"Rosén, Jerker Ingmar",1909-05-0
https://www.vitterhetsakademien.se/ledamoter/ledamoter/liestol-knut.html,"Liestøl, Knut",1881-11-1
https://www.vitterhetsakademien.se/ledamoter/ledamoter/hildebrand-hans-olof.html,"Hildebrand, Hans Olof",1842-04-0
https://www.vitterhetsakademien.se/ledamoter/ledamoter/hofberg-johan-herman.html,"Hofberg, Johan Herman",1823-06-1
https://www.vitterhetsakademien.se/ledamoter/ledamoter/odberg-jonas-fridolf.html,"Ödberg, Jonas Fridolf",1845-02-1
https://www.vitterhetsakademien.se/ledamoter/ledamoter/grandel-lars.html,"Grandel, Lars",1750-10-2
https://www.vitterhetsakademien.se/ledamoter/ledamoter/brohed-ingmar.html,"Brohed, Ingmar",1940-01-0
https://www.vitterhetsakademien.se/ledamoter/ledamoter/pipping-knut-hugo.html,"Pipping, Knut Hugo",1864-11-0
https://www.vitterhetsakademien.se/ledamoter/ledamoter/lindberg-folke-adolf.html,"Lindberg, Folke Adolf",1903-08-2
https://www.vitterhetsakademien.se/ledamoter/ledamoter/save-soderbergh-torgny.html,"Säve-Söderbergh, Torgny",1914-06-2
https://www.vitterhetsakademien.se/ledamoter/ledamoter/von-waldheim-johan-wilhelm-schurer-.html,von Waldheim Johan Wilhelm Schürer,1843-05-0
https://www.vitterhetsakademien.se/ledamoter/ledamoter/kromnow-ernst-ake.html,"Kromnow, Ernst Åke",1914-05-2
https://www.vitterhetsakademien.se/ledamoter/ledamoter/hannerberg-carl-david.html,"Hannerberg, Carl David",1900-07-2
https://www.vitterhetsakademien.se/ledamoter/ledamoter/virchow-rudolf-ludwig-karl.html,"Virchow, Rudolf Ludwig Karl",1821-10-1
https://www.vitterhetsakademien.se/ledamoter/ledamoter/gjerstad-erik-paul-einar.html,"Gjerstad, Erik Paul Einar",1897-10-3
https://www.vitterhetsakademien.se/ledamoter/ledamoter/berg-gosta.html,"Berg, Gösta",1903-07-3
https://www.vitterhetsakademien.se/ledamoter/ledamoter/delgado-y-hernandez-antonio.html,"Delgado y Hernandez, Antonio",1805-01-0
https://www.vitterhetsakademien.se/ledamoter/ledamoter/rivett-carnac-john-henry-.html,"Rivett-Carnac, John Henry",1838-09-1
https://www.vitterhetsakademien.se/ledamoter/ledamoter/vejde-pehr-gunnar.html,"Vejde, Pehr Gunnar",1885-09-1
https://www.vitterhetsakademien.se/ledamoter/ledamoter/ward-perkins-john-bryan-.html,"Ward-Perkins, John Bryan",1912-02-0
https://www.vitterhetsakademien.se/ledamoter/ledamoter/de-laval-patrik-georg-fabian.html,"de Laval, Patrik Georg Fabian",1883-04-1
https://www.vitterhetsakademien.se/ledamoter/ledamoter/johannisson-ture-gustaf.html,"Johannisson, Ture Gustaf",1903-09-2
https://www.vitterhetsakademien.se/ledamoter/ledamoter/reinach-salomon.html,"Reinach, Salomon",1858-08-2
https://www.vitterhetsakademien.se/ledamoter/ledamoter/lagercrantz-carl-otto.html,"Lagercrantz, Carl Otto",1868-02-2
https://www.vitterhetsakademien.se/ledamoter/ledamoter/lindroth-sten-hjalmar.html,"Lindroth, Sten Hjalmar",1914-12-2
https://www.vitterhetsakademien.se/ledamoter/ledamoter/porthan-henrik-gabriel.html,"Porthan, Henrik Gabriel",1739-11-0
https://www.vitterhetsakademien.se/ledamoter/ledamoter/klingner-friedrich.html,"Klingner, Friedrich",1894-07-0
https://www.vitterhetsakademien.se/ledamoter/ledamoter/oehlenschlager-adam-gottlob.html,"Oehlenschläger, Adam Gottlob",1779-11-1
https://www.vitterhetsakademien.se/ledamoter/ledamoter/ritter-carl-georg.html,"Ritter, Carl Georg",1779-08-0
https://www.vitterhetsakademien.se/ledamoter/ledamoter/bolin-anders-sture-ragnar.html,"Bolin, Anders Sture Ragnar",1900-05-2
https://www.vitterhetsakademien.se/ledamoter/ledamoter/stromback-dag-alvar.html,"Strömbäck, Dag Alvar",1900-08-1
https://www.vitterhetsakademien.se/ledamoter/ledamoter/lorange-hans-peter.html,"L’Orange, Hans Peter",1903-03-0
https://www.vitterhetsakademien.se/ledamoter/ledamoter/petherick-karin-rosamund.html,"Petherick, Karin Rosamund",1929-03-1
https://www.vitterhetsakademien.se/ledamoter/ledamoter/kornerup-bjorn-stisgaard.html,"Kornerup, Bjørn Stisgaard",1896-05-0
https://www.vitterhetsakademien.se/ledamoter/ledamoter/wiklund-karl-bernhard.html,"Wiklund, Karl Bernhard",1868-03-1
https://www.vitterhetsakademien.se/ledamoter/ledamoter/uppstrom-anders.html,"Uppström, Anders",1806-06-2
https://www.vitterhetsakademien.se/ledamoter/ledamoter/hagdahl-johan-emil.html,"Hagdahl, Johan Emil",1836-04-1
https://www.vitterhetsakademien.se/ledamoter/ledamoter/macaulay-thomas-babington.html,"Macaulay, Thomas Babington",1800-10-2
https://www.vitterhetsakademien.se/ledamoter/ledamoter/machado-jose-pedro.html,"Machado, José Pedro",1914-11-0
https://www.vitterhetsakademien.se/ledamoter/ledamoter/hedell-ludvig-edvard.html,"Hedel,l Ludvig Edvard",1844-10-0
https://www.vitterhetsakademien.se/ledamoter/ledamoter/graebe-eiler-otto.html,"Græbe, Eiler Otto",1892-07-2
https://www.vitterhetsakademien.se/ledamoter/ledamoter/ellenius-allan-mattias.html,"Ellenius, Allan Mattias",1927-08-0
https://www.vitterhetsakademien.se/ledamoter/ledamoter/hallendorff-carl-jakob-herman.html,"Hallendorff, Carl Jakob Herman",1869-11-0
https://www.vitterhetsakademien.se/ledamoter/ledamoter/berger-svante-edwin-lson.html,"Berger, Svante Edwin L:son",1871-05-1
https://www.vitterhetsakademien.se/ledamoter/ledamoter/schlyter-carl-johan.html,"Schlyter, Carl Johan",1795-01-2
https://www.vitterhetsakademien.se/ledamoter/ledamoter/hallstrom-gunnar-august.html,"Hallström, Gunnar August",1875-05-0
https://www.vitterhetsakademien.se/ledamoter/ledamoter/hildebrand-henrik-robert-teodor-emil.html,"Hildebrand, Henrik Robert Teodor Emil",1848-10-2
https://www.vitterhetsakademien.se/ledamoter/ledamoter/wallroth-karl-august.html,"Wallroth, Karl-August",1860-09-2
https://www.vitterhetsakademien.se/ledamoter/ledamoter/hamberg-per-gustaf.html,"Hamberg, Per Gustaf",1913-09-0
https://www.vitterhetsakademien.se/ledamoter/ledamoter/arrhenius-birgit.html,"Arrhenius, Birgit",1932-08-2
https://www.vitterhetsakademien.se/ledamoter/ledamoter/westman-karl-gustaf.html,"Westman, Karl Gustaf",1876-08-1
https://www.vitterhetsakademien.se/ledamoter/ledamoter/hansson-hans-wilhelm.html,"Hansson, Hans Wilhelm",1907-02-2
https://www.vitterhetsakademien.se/ledamoter/ledamoter/walker-john.html,"Walker, John",1900-09-0
https://www.vitterhetsakademien.se/ledamoter/ledamoter/montelius-gustaf-oscar-augustin.html,"Montelius, Gustaf Oscar Augustin",1843-09-0
https://www.vitterhetsakademien.se/ledamoter/ledamoter/jankuhn-herbert.html,"Jankuhn, Herbert",1905-08-0
https://www.vitterhetsakademien.se/ledamoter/ledamoter/kjellmark-knut-bernhard.html,"Kjellmark, Knut Bernhard",1866-10-2
https://www.vitterhetsakademien.se/ledamoter/ledamoter/ohmann-emil.html,"Öhmann, Emil",1894-01-2
https://www.vitterhetsakademien.se/ledamoter/ledamoter/sylwan-otto.html,"Sylwan, Otto",1864-08-2
https://www.vitterhetsakademien.se/ledamoter/ledamoter/erlandsson-theodor-sixten.html,"Erlandsson, Theodor Sixten",1869-02-0
https://www.vitterhetsakademien.se/ledamoter/ledamoter/tischler-otto.html,"Tischler, Otto",1843-07-2
https://www.vitterhetsakademien.se/ledamoter/ledamoter/nilsson-sven-augustinus.html,"Nilsson, Sven Augustinus",1914-11-0
https://www.vitterhetsakademien.se/ledamoter/ledamoter/jonsson-inge.html,"Jonsson, Inge",1928-11-0
https://www.vitterhetsakademien.se/ledamoter/ledamoter/schuck-adolf-henrik.html,"Schück, Adolf Henrik",1897-02-2
https://www.vitterhetsakademien.se/ledamoter/ledamoter/seton-alexander.html,"Seton, Alexander",1768-12-1
https://www.vitterhetsakademien.se/ledamoter/ledamoter/lagerberg-adam-magnus-emanuel.html,"Lagerberg, Adam Magnus Emanuel",1844-03-1
https://www.vitterhetsakademien.se/ledamoter/ledamoter/orsi-paolo.html,"Orsi, Paolo",1859-10-1
https://www.vitterhetsakademien.se/ledamoter/ledamoter/jansson-anders-teodor-sam-owen.html,"Jansson, Anders Teodor Sam Owen",1906-03-1
https://www.vitterhetsakademien.se/ledamoter/ledamoter/engkvist-olle-theodor.html,"Engkvist, Olle Theodor",1889-05-3
https://www.vitterhetsakademien.se/ledamoter/ledamoter/pallas-peter-simon.html,"Pallas, Peter Simon",1741-09-2
https://www.vitterhetsakademien.se/ledamoter/ledamoter/thomas-william-widgery.html,"Thomas, William Widgery",1839-08-2
https://www.vitterhetsakademien.se/ledamoter/ledamoter/von-der-hagen-friedrich-heinrich-.html,von der Hagen Friedrich Heinrich,1780-0219
https://www.vitterhetsakademien.se/ledamoter/ledamoter/hellstrom-eric-gunnar.html,"Hellström, Eric Gunnar",— d. 198
https://www.vitterhetsakademien.se/ledamoter/ledamoter/schwabacher-wilhelm-heinrich.html,"Schwabacher, Wilhelm Heinrich",1897-07-2
https://www.vitterhetsakademien.se/ledamoter/ledamoter/riant-paul-edouard-bidier.html,"Riant, Paul Edouard Bidier",1836 — d.
https://www.vitterhetsakademien.se/ledamoter/ledamoter/kjollerstrom-sven-gottlieb.html,"Kjöllerström, Sven Gottlieb",1901-01-2
https://www.vitterhetsakademien.se/ledamoter/ledamoter/westrin-johan-theodor.html,"Westrin, Johan Theodor",1850-01-1
https://www.vitterhetsakademien.se/ledamoter/ledamoter/biornstad-margareta.html,"Biörnstad, Margareta",1928-05-2
https://www.vitterhetsakademien.se/ledamoter/ledamoter/sarauw-georg-frederik-ludvig.html,"Sarauw, Georg Frederik Ludvig",1862-11-1
https://www.vitterhetsakademien.se/ledamoter/ledamoter/sylvander-gustaf-wolmar.html,"Sylvander, Gustaf Wolmar",1816-01-2
https://www.vitterhetsakademien.se/ledamoter/ledamoter/stolt-birgit.html,"Stolt, Birgit",1927-06-1
https://www.vitterhetsakademien.se/ledamoter/ledamoter/jonsson-bengt-olof-anders-robert.html,"Jonsson, Bengt Olof Anders Robert",1930-03-1
https://www.vitterhetsakademien.se/ledamoter/ledamoter/welin-karl-sanfrid-viktor.html,"Welin, Karl Sanfrid Viktor",1855-12-1
https://www.vitterhetsakademien.se/ledamoter/ledamoter/tihleman-georg-frans.html,"Tihleman, Georg Frans",1770-08-1
https://www.vitterhetsakademien.se/ledamoter/ledamoter/rydberg-sven-tore-alfred.html,"Rydberg, Sven Tore Alfred",1917-02-2
https://www.vitterhetsakademien.se/ledamoter/ledamoter/olsen-magnus-bernhard.html,"Olsen, Magnus Bernhard",1878-11-2
https://www.vitterhetsakademien.se/ledamoter/ledamoter/wallenberg-anna-berit.html,"Wallenberg, Anna Berit",1902-02-1
https://www.vitterhetsakademien.se/ledamoter/ledamoter/tigerstedt-karl-konstantin.html,"Tigerstedt, Karl Konstantin",1822-05-0
https://www.vitterhetsakademien.se/ledamoter/ledamoter/palmblad-vilhelm-fredrik.html,"Palmblad, Vilhelm Fredrik",1788-12-1
https://www.vitterhetsakademien.se/ledamoter/ledamoter/lonnroth-nils-erik-magnus.html,"Lönnroth, Nils Erik Magnus",1910-08-0
https://www.vitterhetsakademien.se/ledamoter/ledamoter/liden-oskar-linus.html,"Lidén, Oskar Linus",1870-12-0
https://www.vitterhetsakademien.se/ledamoter/ledamoter/malmqvist-goran.html,"Malmqvist, Göran",1924-06-0
https://www.vitterhetsakademien.se/ledamoter/ledamoter/leopold-carl-gustaf.html,"Leopold, Carl Gustaf",1756-04-0
https://www.vitterhetsakademien.se/ledamoter/ledamoter/murberg-johan.html,"Murberg, Johan",1734-12-0
https://www.vitterhetsakademien.se/ledamoter/ledamoter/aberg-nils-fritiof.html,"Åberg, Nils Fritiof",1888-07-2
https://www.vitterhetsakademien.se/ledamoter/ledamoter/samaran-charles-maxime-donatien.html,"Samaran, Charles Maxime Donatien",1879-10-2
https://www.vitterhetsakademien.se/ledamoter/ledamoter/gejvall-nils-gustaf.html,"Gejvall, Nils-Gustaf",1911-12-1
https://www.vitterhetsakademien.se/ledamoter/ledamoter/tornebladh-henrik-ragnar.html,"Törnebladh, Henrik Ragnar",1833-02-0
https://www.vitterhetsakademien.se/ledamoter/ledamoter/skautrup-jens-peter-andreas.html,"Skautrup, Jens Peter Andreas",1896-12-0
https://www.vitterhetsakademien.se/ledamoter/ledamoter/noreen-erik.html,"Noreen, Erik",1890-11-0
https://www.vitterhetsakademien.se/ledamoter/ledamoter/seip-didrik-arup.html,"Seip, Didrik Arup",1884-08-3
https://www.vitterhetsakademien.se/ledamoter/ledamoter/nordstrom-johan-jacob.html,"Nordström, Johan Jacob",1801-12-2
https://www.vitterhetsakademien.se/ledamoter/ledamoter/fryxell-anders.html,"Fryxell, Anders",1795-02-0
https://www.vitterhetsakademien.se/ledamoter/ledamoter/svenson-sven-gudmar.html,"Svenson, Sven Gudmar",1919-09-2
https://www.vitterhetsakademien.se/ledamoter/ledamoter/kock-ernst-albin.html,"Kock, Ernst Albin",1864-12-0
https://www.vitterhetsakademien.se/ledamoter/ledamoter/lagerberg-sven-carl-pontus.html,"Lagerberg, Sven Carl Pontus",1859-09-1
https://www.vitterhetsakademien.se/ledamoter/ledamoter/sarlvik-bo-hilding.html,"Särlvik, Bo Hilding",1928-02-1
https://www.vitterhetsakademien.se/ledamoter/ledamoter/wiede-levin-christian.html,"Wiede, Levin Christian",1804-10-1
https://www.vitterhetsakademien.se/ledamoter/ledamoter/ernout-alfred.html,"Ernout, Alfred",1879-10-3
https://www.vitterhetsakademien.se/ledamoter/ledamoter/hermelin-olof.html,"Hermelin, Olof",1827-02-0
https://www.vitterhetsakademien.se/ledamoter/ledamoter/fett-harry-per.html,"Fett, Harry Per",1875-09-0
https://www.vitterhetsakademien.se/ledamoter/ledamoter/granlund-nils-otto-erik.html,"Granlund, Nils Otto Erik",1892-09-2
https://www.vitterhetsakademien.se/ledamoter/ledamoter/fant-eric-michael.html,"Fant, Eric Michael",1754-01-0
https://www.vitterhetsakademien.se/ledamoter/ledamoter/lindqvist-sune.html,"Lindqvist, Sune",1887-03-2
https://www.vitterhetsakademien.se/ledamoter/ledamoter/murbach-ernst.html,"Murbach, Ernst",1915-01-1
https://www.vitterhetsakademien.se/ledamoter/ledamoter/ljunggren-karl-gustav.html,"Ljunggren, Karl Gustav",1906-12-0
https://www.vitterhetsakademien.se/ledamoter/ledamoter/noreen-adolf-gotthard.html,"Noreen, Adolf Gotthard",1854-03-1
https://www.vitterhetsakademien.se/ledamoter/ledamoter/schliemann-johann-ludwig-heinrich-julius.html,"Schliemann, Johann Ludwig Heinrich Julius",1822-01-0
https://www.vitterhetsakademien.se/ledamoter/ledamoter/maliniemi--aarmo-henrik.html,"Maliniemi, Aarmo Henrik",1892-05-0
https://www.vitterhetsakademien.se/ledamoter/ledamoter/josephson-ragnar.html,"Josephson, Ragnar",1891-03-0
https://www.vitterhetsakademien.se/ledamoter/ledamoter/wiegand-theodor.html,"Wiegand, Theodor",1864-10-3
https://www.vitterhetsakademien.se/ledamoter/ledamoter/trapp-oscar-ferdinand.html,"Trapp, Oscar Ferdinand",1847-07-0
https://www.vitterhetsakademien.se/ledamoter/ledamoter/heckscher-eli-filip.html,"Heckscher, Eli Filip",1879-11-2
https://www.vitterhetsakademien.se/ledamoter/ledamoter/hesselman-bengt-ivar.html,"Hesselman, Bengt Ivar",1875-12-2
https://www.vitterhetsakademien.se/ledamoter/ledamoter/rostovtzeff-michael-ivanovich.html,"Rostovtzeff, Michael Ivanovich",1870-11-1
https://www.vitterhetsakademien.se/ledamoter/ledamoter/vasmer-max-julius-friedrich.html,"Vasmer, Max Julius Friedrich",1886-02-1
https://www.vitterhetsakademien.se/ledamoter/ledamoter/hedin-josef-natanael.html,"Hedin, Josef Natanael",1880-03-1
https://www.vitterhetsakademien.se/ledamoter/ledamoter/vilkuna-kustaa-gideon.html,"Vilkuna, Kustaa Gideon",1902-10-2
https://www.vitterhetsakademien.se/ledamoter/ledamoter/flintenberg-johan-david.html,"Flintenberg, Johan David",1762-05-0
https://www.vitterhetsakademien.se/ledamoter/ledamoter/stenberger-marten-karl-herman.html,"Stenberger, Mårten Karl Herman",1898-03-2
https://www.vitterhetsakademien.se/ledamoter/ledamoter/widengren-geo.html,"Widengren, Geo",1907-04-2
https://www.vitterhetsakademien.se/ledamoter/ledamoter/smith-helmer.html,"Smith, Helmer",1882-04-2
https://www.vitterhetsakademien.se/ledamoter/ledamoter/lilljekvist-johan-fredrik.html,"Lilljekvist, Johan Fredrik",1863-10-0
https://www.vitterhetsakademien.se/ledamoter/ledamoter/malmstrom-carl-gustaf.html,"Malmström, Carl Gustaf",1822-11-0
https://www.vitterhetsakademien.se/ledamoter/ledamoter/suhm-peter-frederik.html,"Suhm, Peter Frederik",1728-10-1
https://www.vitterhetsakademien.se/ledamoter/ledamoter/forssell-hans-ludvig.html,"Forssell, Hans Ludvig",1843-01-1
https://www.vitterhetsakademien.se/ledamoter/ledamoter/janse-otto-theodor.html,"Janse, Otto Theodor",1867-09-1
https://www.vitterhetsakademien.se/ledamoter/ledamoter/levander-lars-jakob.html,"Levander, Lars Jakob",1883-03-3
https://www.vitterhetsakademien.se/ledamoter/ledamoter/fahlbeck-pontus-erland-andersson.html,"Fahlbeck, Pontus Erland Andersson",1850-10-1
https://www.vitterhetsakademien.se/ledamoter/ledamoter/wahlfisk-johan.html,"Wahlfisk, Johan",1842-08-1
https://www.vitterhetsakademien.se/ledamoter/ledamoter/panofsky-erwin.html,"Panofsky, Erwin",1892-03-3
https://www.vitterhetsakademien.se/ledamoter/ledamoter/ewald-victor.html,"Ewald, Victor",1869-01-2
https://www.vitterhetsakademien.se/ledamoter/ledamoter/petersen-greve-thaulow.html,"Petersen, Greve Thaulow",1887-10-2
https://www.vitterhetsakademien.se/ledamoter/ledamoter/schieche-emil.html,"Schieche, Emil",1901-01-1
https://www.vitterhetsakademien.se/ledamoter/ledamoter/rabe-gustaf-reinhold-daniel.html,"Rabe, Gustaf Reinhold Daniel",1813-01-2
https://www.vitterhetsakademien.se/ledamoter/ledamoter/johansson-johan.html,"Johansson, Johan",1840-11-0
https://www.vitterhetsakademien.se/ledamoter/ledamoter/hallin-axel-johan.html,"Hallin, Axel Johan",1877-06-2
https://www.vitterhetsakademien.se/ledamoter/ledamoter/kosay-hamit-zubeyr.html,"Kosay, Hâmit Zübeyr",1898-09-1
https://www.vitterhetsakademien.se/ledamoter/ledamoter/henrikson-alf-ragnar-sten.html,"Henrikson, Alf Ragnar Sten",1905-07-0
https://www.vitterhetsakademien.se/ledamoter/ledamoter/bringeus-nils-arvid.html,"Bringéus, Nils-Arvid",1926-03-2
https://www.vitterhetsakademien.se/ledamoter/ledamoter/weibull-hans-jorgen.html,"Weibull, Hans Jörgen",1924-04-2
https://www.vitterhetsakademien.se/ledamoter/ledamoter/nobel-ludvig-immanuel.html,"Nobel, Ludvig Immanuel",1868-02-1
https://www.vitterhetsakademien.se/ledamoter/ledamoter/stavenow-ludvig-vilhelm-albert.html,"Stavenow, Ludvig Vilhelm Albert",1864-10-1
https://www.vitterhetsakademien.se/ledamoter/ledamoter/wilson-john-west.html,"Wilson, John West",1816-10-0
https://www.vitterhetsakademien.se/ledamoter/ledamoter/roberts-michael.html,"Roberts, Michael",1908-05-2
https://www.vitterhetsakademien.se/ledamoter/ledamoter/rydbeck-sven-otto-henrik.html,"Rydbeck, Sven Otto Henrik",1872-08-2
https://www.vitterhetsakademien.se/ledamoter/ledamoter/rafn-carl-christian.html,"Rafn, Carl Christian",1795-01-1
https://www.vitterhetsakademien.se/ledamoter/ledamoter/waitz-georg.html,"Waitz, Georg",1813-10-0
https://www.vitterhetsakademien.se/ledamoter/ledamoter/ridderstad-carl-wilhelm-edvard.html,"Ridderstad, Carl Wilhelm Edvard",1843-08-1
https://www.vitterhetsakademien.se/ledamoter/ledamoter/iorga-nicolae.html,"Iorga, Nicolae",1871-01-1
https://www.vitterhetsakademien.se/ledamoter/ledamoter/karlsson-bengt-g..html,"Karlsson, Bengt G.",1961-02-2
https://www.vitterhetsakademien.se/ledamoter/ledamoter/lampa-sven-magnus.html,"Lampa, Sven Magnus",1870-08-2
https://www.vitterhetsakademien.se/ledamoter/ledamoter/pigorini-luigi.html,"Pigorini, Luigi",1842-01-1
https://www.vitterhetsakademien.se/ledamoter/ledamoter/moberg-carl-axel.html,"Moberg, Carl Axel",1872-06-1
https://www.vitterhetsakademien.se/ledamoter/ledamoter/alf-samuel-eric.html,"Älf, Samuel Eric",1727-07-1
https://www.vitterhetsakademien.se/ledamoter/ledamoter/granlund-john-einar-ludvig.html,"Granlund, John Einar Ludvig",1901-10-2
https://www.vitterhetsakademien.se/ledamoter/ledamoter/steen-sverre.html,"Steen, Sverre",1898-08-0
https://www.vitterhetsakademien.se/ledamoter/ledamoter/ekwall-bror-oscar-eilert.html,"Ekwall, Bror Oscar Eilert",1877-01-0
https://www.vitterhetsakademien.se/ledamoter/ledamoter/von-ranke-franz-leopold-.html,von Ranke Franz Leopold,1795 — d.
https://www.vitterhetsakademien.se/ledamoter/ledamoter/mai-angelo.html,"Mai, Angelo",1782-03-0
https://www.vitterhetsakademien.se/ledamoter/ledamoter/geffroy-mathieu-auguste.html,"Geffroy, Mathieu Auguste",1820-04-2
https://www.vitterhetsakademien.se/ledamoter/ledamoter/enequist-johan.html,"Enequist, Johan",1787-12-1
https://www.vitterhetsakademien.se/ledamoter/ledamoter/silow-alvar.html,"Silow, Alvar",1885-07-3
https://www.vitterhetsakademien.se/ledamoter/ledamoter/goransson-sven-lucien-marcel-gustaf.html,"Göransson, Sven Lucien Marcel Gustaf",1910-11-2
https://www.vitterhetsakademien.se/ledamoter/ledamoter/jarta-carl-thomas.html,"Järta, Carl Thomas",1802-09-0
https://www.vitterhetsakademien.se/ledamoter/ledamoter/sunden-daniel-anders-hjalmar.html,"Sundén, Daniel Anders Hjalmar",1908-11-2
https://www.vitterhetsakademien.se/ledamoter/ledamoter/endzelins-janis.html,"Endzelins, Janis",1873-02-2
https://www.vitterhetsakademien.se/ledamoter/ledamoter/guizot-francois-pierre-guillaume.html,"Guizot, François Pierre Guillaume",1787-10-0
https://www.vitterhetsakademien.se/ledamoter/ledamoter/kraszewski-jozef-ignacy.html,"Kraszewski, Józef Ignacy",1812-07-2
https://www.vitterhetsakademien.se/ledamoter/ledamoter/lepsius-carl-richard.html,"Lepsius, Carl Richard",1810-11-2
https://www.vitterhetsakademien.se/ledamoter/ledamoter/larsson-hans-emil.html,"Larsson, Hans Emil",1855-11-2
https://www.vitterhetsakademien.se/ledamoter/ledamoter/von-schiller-johann-christoph-friedrich-.html,von Schiller Johann Christoph Friedrich,1759-11-1
https://www.vitterhetsakademien.se/ledamoter/ledamoter/albrektson-bertil.html,"Albrektson, Bertil",1929-09-2
https://www.vitterhetsakademien.se/ledamoter/ledamoter/tengstrom-jacob.html,"Tengström, Jacob",1755-12-0
https://www.vitterhetsakademien.se/ledamoter/ledamoter/lindvall-lars.html,"Lindvall, Lars",1935-12-1
https://www.vitterhetsakademien.se/ledamoter/ledamoter/berg-georg-wilhelm.html,"Berg, Georg Wilhelm",1839-07-0
https://www.vitterhetsakademien.se/ledamoter/ledamoter/lombard-alf.html,"Lombard, Alf",1902-07-0
https://www.vitterhetsakademien.se/ledamoter/ledamoter/nordlander-johan.html,"Nordlander, Johan",1853-12-2
https://www.vitterhetsakademien.se/ledamoter/ledamoter/taube-carl-evert-bernhard.html,"Taube, Carl Evert Bernhard",1834-03-0
https://www.vitterhetsakademien.se/ledamoter/ledamoter/nelson-helge-magnus-oskar.html,"Nelson, Helge Magnus Oskar",1882-04-1
https://www.vitterhetsakademien.se/ledamoter/ledamoter/smith-albert-hugh.html,"Smith, Albert Hugh",1903-02-2
https://www.vitterhetsakademien.se/ledamoter/ledamoter/persson-axel-waldemar.html,"Persson, Axel Waldemar",1888-06-0
https://www.vitterhetsakademien.se/ledamoter/ledamoter/hazelius-artur-immanuel.html,"Hazelius, Artur Immanuel",1833-11-3
https://www.vitterhetsakademien.se/ledamoter/ledamoter/hampel-jozsef.html,"Hampel, József",1849-11-1
https://www.vitterhetsakademien.se/ledamoter/ledamoter/salven-erik-artur-arvidsson.html,"Salvén, Erik Artur Arvidsson",1889-05-0
https://www.vitterhetsakademien.se/ledamoter/ledamoter/hult-olof-torgny.html,"Hult, Olof Torgny",1868-12-0
https://www.vitterhetsakademien.se/ledamoter/ledamoter/trevelyan-george-macaulay.html,"Trevelyan, George Macaulay",1876-02-1
https://www.vitterhetsakademien.se/ledamoter/ledamoter/akerstrom-ake-bertil.html,"Åkerström, Åke Bertil",1902-04-2
https://www.vitterhetsakademien.se/ledamoter/ledamoter/engelstoft-laurids.html,"Engelstoft, Laurids",1774-12-0
https://www.vitterhetsakademien.se/ledamoter/ledamoter/svensson-sven-agnar-hilding.html,"Svensson, Sven Agnar Hilding",1890-05-0
https://www.vitterhetsakademien.se/ledamoter/ledamoter/reichel-jacob.html,"Reichel, Jacob",1778 — d.
https://www.vitterhetsakademien.se/ledamoter/ledamoter/grauers-sven.html,"Grauers, Sven",1891-12-2
https://www.vitterhetsakademien.se/ledamoter/ledamoter/svedelius-wilhelm-erik.html,"Svedelius, Wilhelm Erik",1816-05-0
https://www.vitterhetsakademien.se/ledamoter/ledamoter/mignet-francois-auguste-marie.html,"Mignet, François Auguste Marie",1796-05-0
https://www.vitterhetsakademien.se/ledamoter/ledamoter/schuck-johan-henrik-emil.html,"Schück, Johan Henrik Emil",1855-11-0
https://www.vitterhetsakademien.se/ledamoter/ledamoter/ehrnberg-gosta-theodor.html,"Ehrnberg, Gösta Theodor",1895-05-2
https://www.vitterhetsakademien.se/ledamoter/ledamoter/pirenne-henri.html,"Pirenne, Henri",1862-12-2
https://www.vitterhetsakademien.se/ledamoter/ledamoter/sporrong-ulf.html,"Sporrong, Ulf",1936-08-2
https://www.vitterhetsakademien.se/ledamoter/ledamoter/nilsson-oskar-leonard.html,"Nilsson, Oskar Leonard",1887-04-0
https://www.vitterhetsakademien.se/ledamoter/ledamoter/giordano-lokrantz-margherita.html,"Giordano, Lokrantz Margherita",1935-12-0
https://www.vitterhetsakademien.se/ledamoter/ledamoter/nygren-ernst-ludvig.html,"Nygren, Ernst Ludvig",1889-06-1
https://www.vitterhetsakademien.se/ledamoter/ledamoter/akerblad-johan-david.html,"Åkerblad, Johan David",1763-05-0
https://www.vitterhetsakademien.se/ledamoter/ledamoter/von-metternich-winneburg-clemens-wenzel-nepomuk-lothar-furst.html,"von Metternich-Winneburg, Clemens Wenzel Nepomuk Lothar Fürst",1773-05-1
https://www.vitterhetsakademien.se/ledamoter/ledamoter/svensson-sigfrid-oskar-svensson.html,"Svensson, Sigfrid Oskar Svensson",1901-06-0
https://www.vitterhetsakademien.se/ledamoter/ledamoter/hansen-einar-anton.html,"Hansen, Einar Anton",1902-11-1
https://www.vitterhetsakademien.se/ledamoter/ledamoter/jansson-sven-birger-fredrik.html,"Jansson, Sven Birger Fredrik",1906-11-1
https://www.vitterhetsakademien.se/ledamoter/ledamoter/bergfalk-pehr-eric.html,"Bergfalk, Pehr Eric",1798-02-0
https://www.vitterhetsakademien.se/ledamoter/ledamoter/regner-gustaf.html,"Regnér, Gustaf",1748-10-1
https://www.vitterhetsakademien.se/ledamoter/ledamoter/cinthio-erik.html,"Cinthio, Erik",1921-02-2
https://www.vitterhetsakademien.se/ledamoter/ledamoter/marsden-william.html,"Marsden, William",1754-11-1
https://www.vitterhetsakademien.se/ledamoter/ledamoter/mezzofanti-giuseppe-gaspardo.html,"Mezzofanti, Giuseppe Gaspardo",1774-09-1
https://www.vitterhetsakademien.se/ledamoter/ledamoter/genzmer-felix-stephan-hermann.html,"Genzmer, Felix Stephan Hermann",1878-03-2
https://www.vitterhetsakademien.se/ledamoter/ledamoter/molde-frans-bertil.html,"Molde, Frans Bertil",1919-09-1
https://www.vitterhetsakademien.se/ledamoter/ledamoter/liljegren-johan-gustaf.html,"Liljegren, Johan Gustaf",1791-02-2
https://www.vitterhetsakademien.se/ledamoter/ledamoter/keyser-jakob-rudolf.html,"Keyser, Jakob Rudolf",1803-01-0
https://www.vitterhetsakademien.se/ledamoter/ledamoter/nordenfalk-carl-adam-johan.html,"Nordenfalk, Carl Adam Johan",1907-12-1
https://www.vitterhetsakademien.se/ledamoter/ledamoter/furumark-josef-arne-gert.html,"Furumark, Josef Arne Gert",1903-09-2
https://www.vitterhetsakademien.se/ledamoter/ledamoter/danius-sara.html,"Danius, Sara",1962-04-0
https://www.vitterhetsakademien.se/ledamoter/ledamoter/ridderstad-carl-anton-august.html,"Ridderstad, Carl Anton August",1848-11-1
https://www.vitterhetsakademien.se/ledamoter/ledamoter/wistrom-johan-alfred.html,"Wiström, Johan Alfred",1830-08-2
https://www.vitterhetsakademien.se/ledamoter/ledamoter/egerod-soren-christian.html,"Egerod, Søren Christian",1923-07-0
https://www.vitterhetsakademien.se/ledamoter/ledamoter/lotman-jurij-michailovitj.html,"Lotman, Jurij Michailovitj",1922-02-2
https://www.vitterhetsakademien.se/ledamoter/ledamoter/lindblom-andreas-adolf-fredrik.html,"Lindblom, Andreas Adolf Fredrik",1889-02-0
https://www.vitterhetsakademien.se/ledamoter/ledamoter/pettersson-nils.html,"Pettersson, Nils",1849-07-0
https://www.vitterhetsakademien.se/ledamoter/ledamoter/fabricius-cajus.html,"Fabricius, Cajus",1925-09-2
https://www.vitterhetsakademien.se/ledamoter/ledamoter/von-koehne-bernhard-karl-.html,von Koehne Bernhard Karl,1817-07-0
https://www.vitterhetsakademien.se/ledamoter/ledamoter/westman-knut-bernhard.html,"Westman, Knut Bernhard",1881-03-1
https://www.vitterhetsakademien.se/ledamoter/ledamoter/hjarne-harald-gabriel.html,"Hjärne, Harald Gabriel",1848-05-0
https://www.vitterhetsakademien.se/ledamoter/ledamoter/hakansson-valentin-gunnar-johannes.html,"Håkansson, Valentin Gunnar Johannes",1886-02-1
https://www.vitterhetsakademien.se/ledamoter/ledamoter/stenberger-lisa-kristina.html,"Stenberger, Lisa Kristina",1904-04-1
https://www.vitterhetsakademien.se/ledamoter/ledamoter/zettersteen-karl-vilhelm.html,"Zetterstéen, Karl Vilhelm",1866-08-1
https://www.vitterhetsakademien.se/ledamoter/ledamoter/helgason-jon.html,"Helgason, Jón",1899-06-3
https://www.vitterhetsakademien.se/ledamoter/ledamoter/grape-anders-wilhelm.html,"Grape, Anders Wilhelm",1880-03-0
https://www.vitterhetsakademien.se/ledamoter/ledamoter/shetelig-haakon.html,"Shetelig, Haakon",1877-06-2
https://www.vitterhetsakademien.se/ledamoter/ledamoter/eberhardt-johan-hartman.html,"Eberhardt, Johan Hartman",1727-10-?
https://www.vitterhetsakademien.se/ledamoter/ledamoter/nerman-birger.html,"Nerman, Birger",1888-10-0
https://www.vitterhetsakademien.se/ledamoter/ledamoter/kunik-ernst-eduard.html,"Kunik, Ernst Eduard",1814-10-1
https://www.vitterhetsakademien.se/ledamoter/ledamoter/lofstedt-haimon-einar-harald.html,"Löfstedt, Haimon Einar Harald",1880-06-1
https://www.vitterhetsakademien.se/ledamoter/ledamoter/havernick-walter.html,"Hävernick, Walter",1905-01-2
https://www.vitterhetsakademien.se/ledamoter/ledamoter/lewin-bernhard-julius.html,"Lewin, Bernhard Julius",1903-11-1
https://www.vitterhetsakademien.se/ledamoter/ledamoter/malmberg-bertil.html,"Malmberg, Bertil",1913-04-2
https://www.vitterhetsakademien.se/ledamoter/ledamoter/frisk-jons-ivan-hjalmar.html,"Frisk, Jöns Ivan Hjalmar",1900-08-0
https://www.vitterhetsakademien.se/ledamoter/ledamoter/schroder-johan-henrik.html,"Schröder, Johan Henrik",1791-04-1
https://www.vitterhetsakademien.se/ledamoter/ledamoter/nock-arthur-darby.html,"Nock, Arthur Darby",1902-02-2
https://www.vitterhetsakademien.se/ledamoter/ledamoter/lundstrom-karl-johan-vilhelm.html,"Lundström, Karl Johan Vilhelm",1869-05-0
https://www.vitterhetsakademien.se/ledamoter/ledamoter/styffe-carl-gustaf.html,"Styffe, Carl Gustaf",1817-03-2
https://www.vitterhetsakademien.se/ledamoter/ledamoter/nikander-johan-gabriel.html,"Nikander, Johan Gabriel",1884-05-2
https://www.vitterhetsakademien.se/ledamoter/ledamoter/kretzschmar-theodor-johannes.html,"Kretzschmar, Theodor Johannes",1864-11-0
https://www.vitterhetsakademien.se/ledamoter/ledamoter/ekblom-richard.html,"Ekblom, Richard",1874-10-3
https://www.vitterhetsakademien.se/ledamoter/ledamoter/storm-gustav.html,"Storm, Gustav",1845-06-1
https://www.vitterhetsakademien.se/ledamoter/ledamoter/festin-eric-emanuel.html,"Festin, Eric Emanuel",1878-10-1
https://www.vitterhetsakademien.se/ledamoter/ledamoter/petersen-theodor.html,"Petersen, Theodor",1875-02-0
https://www.vitterhetsakademien.se/ledamoter/ledamoter/junker-hermann.html,"Junker, Hermann",1877-11-2
https://www.vitterhetsakademien.se/ledamoter/ledamoter/hofren-sigurd-emanuel-manne.html,"Hofrén, Sigurd Emanuel (Manne)",1895-09-0
https://www.vitterhetsakademien.se/ledamoter/ledamoter/hammarstrand-sven-fromhold.html,"Hammarstrand, Sven Fromhold",1821-03-1
https://www.vitterhetsakademien.se/ledamoter/ledamoter/rorimer-james-joseph.html,"Rorimer, James Joseph",1905-09-0
https://www.vitterhetsakademien.se/ledamoter/ledamoter/von-schmalensee-kurt-oscar-.html,von Schmalensee Kurt Oscar,1896-09-0
https://www.vitterhetsakademien.se/ledamoter/ledamoter/rizos-rangabes-alexandros-.html,"Rizos-Rangabés, Alexandros",1810-12-2
https://www.vitterhetsakademien.se/ledamoter/ledamoter/weman-nils-henry-paul.html,"Weman, Nils Henry Paul",1897-08-1
https://www.vitterhetsakademien.se/ledamoter/ledamoter/scholander-fredrik-wilhelm.html,"Scholander, Fredrik Wilhelm",1816-06-2
https://www.vitterhetsakademien.se/ledamoter/ledamoter/moller-johann-georg-peter.html,"Möller, Johann Georg Peter",1729-09-1
https://www.vitterhetsakademien.se/ledamoter/ledamoter/moore-clarence-bloomfield.html,"Moore, Clarence Bloomfield",1852-01-1
https://www.vitterhetsakademien.se/ledamoter/ledamoter/lagerroth-lars-fredrik-barthold.html,"Lagerroth, Lars Fredrik Barthold",1885-09-1
https://www.vitterhetsakademien.se/ledamoter/ledamoter/stolpe-knut-hjalmar.html,"Stolpe, Knut Hjalmar",1841-04-2
https://www.vitterhetsakademien.se/ledamoter/ledamoter/montgomery-gustaf-arthur.html,"Montgomery, Gustaf Arthur",1889-09-0
https://www.vitterhetsakademien.se/ledamoter/ledamoter/hotzenkocherle-rudolf.html,"Hotzenköcherle, Rudolf",1903-04-1
https://www.vitterhetsakademien.se/ledamoter/ledamoter/ljunggren-gustaf-hakan-jordan.html,"Ljunggren, Gustaf Håkan Jordan",1823-03-0
https://www.vitterhetsakademien.se/ledamoter/ledamoter/lappenberg-johann-martin.html,"Lappenberg, Johann Martin",1794-07-3
https://www.vitterhetsakademien.se/ledamoter/ledamoter/tuulse-armin.html,"Tuulse, Armin",1907-10-0
https://www.vitterhetsakademien.se/ledamoter/ledamoter/wittlock-johan-august-zacharias.html,"Wittlock, Johan August Zacharias",1828-10-1
https://www.vitterhetsakademien.se/ledamoter/ledamoter/feuereisen-arnold-heinrich.html,"Feuereisen, Arnold Heinrich",1868-07-2
https://www.vitterhetsakademien.se/ledamoter/ledamoter/forsander-johan.html,"Forsander, Johan",1795-05-0
https://www.vitterhetsakademien.se/ledamoter/ledamoter/lindgren-axel-torgny.html,"Lindgren, Axel Torgny",1905-10-2
https://www.vitterhetsakademien.se/ledamoter/ledamoter/norden-gustaf-arthur.html,"Nordén, Gustaf Arthur",1891-12-2
https://www.vitterhetsakademien.se/ledamoter/ledamoter/frings-theodor.html,"Frings, Theodor",1886-07-2
https://www.vitterhetsakademien.se/ledamoter/ledamoter/strunk-christian-adolph-frederik.html,"Strunk, Christian Adolph Frederik",1816-04-2
https://www.vitterhetsakademien.se/ledamoter/ledamoter/lundblad-johan.html,"Lundblad, Johan",1753-03-0
https://www.vitterhetsakademien.se/ledamoter/ledamoter/hald-kristian.html,"Hald, Kristian",1904-09-0
https://www.vitterhetsakademien.se/ledamoter/ledamoter/nachmanson-ernst.html,"Nachmanson, Ernst",1877-02-0
https://www.vitterhetsakademien.se/ledamoter/ledamoter/mestorf-johanna.html,"Mestorf, Johanna",1828-04-1
https://www.vitterhetsakademien.se/ledamoter/ledamoter/gustafsson-bo-gustaf.html,"Gustafsson, Bo Gustaf",1931-04-0
https://www.vitterhetsakademien.se/ledamoter/ledamoter/odelberg-carl-victor-wilhelm.html,"Odelberg, Carl Victor Wilhelm",1918-07-0
https://www.vitterhetsakademien.se/ledamoter/ledamoter/magnusson-einar-valdemar-tobias.html,"Magnusson, Einar Valdemar Tobias",1891-11-0
https://www.vitterhetsakademien.se/ledamoter/ledamoter/hildebrand-bror-emil.html,"Hildebrand, Bror Emil",1806-02-2
https://www.vitterhetsakademien.se/ledamoter/ledamoter/kolderup-rosenvinge-janus-laurits-andreas.html,"Kolderup-Rosenvinge, Janus Laurits Andreas",1792-05-1
https://www.vitterhetsakademien.se/ledamoter/ledamoter/mann-sir-james-gow.html,"Mann, Sir James Gow",1897-09-2
https://www.vitterhetsakademien.se/ledamoter/ledamoter/modin-erik.html,"Modin, Erik",1862-08-1
https://www.vitterhetsakademien.se/ledamoter/ledamoter/ingelmark-bo-eric.html,"Ingelmark, Bo Eric",1913-09-2
https://www.vitterhetsakademien.se/ledamoter/ledamoter/berghaus-peter-l..html,"Berghaus, Peter L.",1919-11-2
https://www.vitterhetsakademien.se/ledamoter/ledamoter/weibull-curt-hugo-johannes.html,"Weibull, Curt Hugo Johannes",1886-08-1
https://www.vitterhetsakademien.se/ledamoter/ledamoter/linder-gustaf-erik-hjalmar.html,"Linder, Gustaf Erik Hjalmar",1906-05-1
https://www.vitterhetsakademien.se/ledamoter/ledamoter/schybergson-magnus-gottfrid.html,"Schybergson, Magnus Gottfrid",1851-11-2
https://www.vitterhetsakademien.se/ledamoter/ledamoter/kivikoski-ella-margareta.html,"Kivikoski, Ella Margareta",1901-05-2
https://www.vitterhetsakademien.se/ledamoter/ledamoter/rodenstam-frans-johan-august.html,"Rodenstam, Frans Johan August",1847-03-2
https://www.vitterhetsakademien.se/ledamoter/ledamoter/erdmann-franz-fedor-ivanovitj.html,"Erdmann, Franz-Fedor Ivanovitj",1793-03-1
https://www.vitterhetsakademien.se/ledamoter/ledamoter/thompson-homer-armstrong.html,"Thompson, Homer Armstrong",1906-09-0
https://www.vitterhetsakademien.se/ledamoter/ledamoter/herlitz-nils.html,"Herlitz, Nils",1888-08-0
https://www.vitterhetsakademien.se/ledamoter/ledamoter/lignell-anders.html,"Lignell, Anders",1787-02-1
https://www.vitterhetsakademien.se/ledamoter/ledamoter/westin-fredrik.html,"Westin, Fredrik",1782-09-2
https://www.vitterhetsakademien.se/ledamoter/ledamoter/friberg-karl-algot.html,"Friberg, Karl Algot",1850-09-0
https://www.vitterhetsakademien.se/ledamoter/ledamoter/tidestrom-lars-gunnar-gabriel.html,"Tideström, Lars Gunnar Gabriel",1906-02-0
https://www.vitterhetsakademien.se/ledamoter/ledamoter/lautard-jean-baptiste.html,"Lautard, Jean Baptiste",1760 — d.
https://www.vitterhetsakademien.se/ledamoter/ledamoter/tingsten-herbert-lars-gustav.html,"Tingsten, Herbert Lars Gustav",1896-03-1
https://www.vitterhetsakademien.se/ledamoter/ledamoter/waller-axel-erik.html,"Waller, Axel Erik",1875-11-2
https://www.vitterhetsakademien.se/ledamoter/ledamoter/stille-arthur-gustaf-henrik.html,"Stille, Arthur Gustaf Henrik",1863-07-1
https://www.vitterhetsakademien.se/ledamoter/ledamoter/ehnmark-erland-jacob.html,"Ehnmark, Erland Jacob",1903-10-0
https://www.vitterhetsakademien.se/ledamoter/ledamoter/vasmer-richard-wilhelm-georg.html,"Vasmer, Richard Wilhelm Georg",1888-10-0
https://www.vitterhetsakademien.se/ledamoter/ledamoter/munter-friederich-christian-carl-hinrich.html,"Münter, Friederich Christian Carl Hinrich",1761-10-1
https://www.vitterhetsakademien.se/ledamoter/ledamoter/nilsson-nils-ake-lennart.html,"Nilsson, Nils Åke Lennart",1917-09-0
https://www.vitterhetsakademien.se/ledamoter/ledamoter/wilda-wilhelm-eduard.html,"Wilda, Wilhelm Eduard",1800-08-1
https://www.vitterhetsakademien.se/ledamoter/ledamoter/hessler-carl-arvid-gunnar.html,"Hessler, Carl Arvid Gunnar",1907-02-1
https://www.vitterhetsakademien.se/ledamoter/ledamoter/rasmusson-nils-ludvig.html,"Rasmusson, Nils Ludvig",1904-05-0
https://www.vitterhetsakademien.se/ledamoter/ledamoter/nordal-sigurdhur.html,"Nordal, Sigurdhur",1886-09-1
https://www.vitterhetsakademien.se/ledamoter/ledamoter/merrillees-robert-s..html,"Merrillees, Robert S.",1938-07-2
https://www.vitterhetsakademien.se/ledamoter/ledamoter/ekman-otto-christian.html,"Ekman, Otto Christian",1791-09-2
https://www.vitterhetsakademien.se/ledamoter/ledamoter/lesky-albin.html,"Lesky, Albin",1896-07-0
https://www.vitterhetsakademien.se/ledamoter/ledamoter/von-rosen-eric-carl-gustaf-bloomfield-.html,von Rosen Eric Carl Gustaf Bloomfield,1879-06-0
https://www.vitterhetsakademien.se/ledamoter/ledamoter/save-carl-fredrik.html,"Säve, Carl Fredrik",1812-10-2
https://www.vitterhetsakademien.se/ledamoter/ledamoter/bugge-soren-bruun.html,"Bugge, Sören Bruun",1798-02-0
https://www.vitterhetsakademien.se/ledamoter/ledamoter/hanell-krister.html,"Hanell, Krister",1904-08-0
https://www.vitterhetsakademien.se/ledamoter/ledamoter/poulsen-poul-frederik-sigfred.html,"Poulsen, Poul Frederik Sigfred",1876-03-0
https://www.vitterhetsakademien.se/ledamoter/ledamoter/marwick-hugh.html,"Marwick, Hugh",1881-11-3
https://www.vitterhetsakademien.se/ledamoter/ledamoter/kossinna-gustaf.html,"Kossinna, Gustaf",1858-09-2
https://www.vitterhetsakademien.se/ledamoter/ledamoter/kestner-georg-august-christian.html,"Kestner, Georg August Christian",1777-11-2
https://www.vitterhetsakademien.se/ledamoter/ledamoter/trapp-joseph-b..html,"Trapp, Joseph B.",1925-07-1
https://www.vitterhetsakademien.se/ledamoter/ledamoter/ristell-adolph-fredrik.html,"Ristel,l Adolph Fredrik",1744-07-1
https://www.vitterhetsakademien.se/ledamoter/ledamoter/romdahl-axel-ludvig.html,"Romdahl, Axel Ludvig",1880-03-1
https://www.vitterhetsakademien.se/ledamoter/ledamoter/soderberg-nils-johan.html,"Söderberg, Nils Johan",1851-09-0
https://www.vitterhetsakademien.se/ledamoter/ledamoter/wrangel-ewert-henrik-gabriel.html,"Wrangel, Ewert Henrik Gabriel",1863-11-2
https://www.vitterhetsakademien.se/ledamoter/ledamoter/skjoldebrand-erik.html,"Skjöldebrand, Erik",1722-11-1
https://www.vitterhetsakademien.se/ledamoter/ledamoter/nasstrom-nils-gustaf.html,"Näsström, Nils Gustaf",1899-01-0
https://www.vitterhetsakademien.se/ledamoter/ledamoter/mante-axel-ferdinand.html,"Mante, Axel Ferdinand",1896-09-1
https://www.vitterhetsakademien.se/ledamoter/ledamoter/raaf-i-smaland-leonhard-fredrik.html,"Rääf i Småland, Leonhard Fredrik",1786-09-1
https://www.vitterhetsakademien.se/ledamoter/ledamoter/kendrick-sir-thomas-downing.html,"Kendrick, Sir Thomas Downing",1895-04-0
https://www.vitterhetsakademien.se/ledamoter/ledamoter/kjellstrom-adolf-wilhelm.html,"Kjellström, Adolf Wilhelm",1834-10-0
https://www.vitterhetsakademien.se/ledamoter/ledamoter/lundstrom-per-wilhelm.html,"Lundström, Per Wilhelm",1922-10-0
https://www.vitterhetsakademien.se/ledamoter/ledamoter/schramm-percy-ernst.html,"Schramm, Percy Ernst",1894-10-1
https://www.vitterhetsakademien.se/ledamoter/ledamoter/ekstrom-gunnar.html,"Ekström, Gunnar",1893-02-1
https://www.vitterhetsakademien.se/ledamoter/ledamoter/xia-nai.html,"Xia, Nai",1910-02-0
https://www.vitterhetsakademien.se/ledamoter/ledamoter/rietz-johan-ernst.html,"Rietz, Johan Ernst",1815-09-0
https://www.vitterhetsakademien.se/ledamoter/ledamoter/jungner-daniel-hugo-theodor.html,"Jungner, Daniel Hugo Theodor",1881-12-1
https://www.vitterhetsakademien.se/ledamoter/ledamoter/karling-sten-ingvar.html,"Karling, Sten Ingvar",1906-01-1
https://www.vitterhetsakademien.se/ledamoter/ledamoter/fraenkel-eduard-david-mortier.html,"Frænkel, Eduard David Mortier",1888-03-1
https://www.vitterhetsakademien.se/ledamoter/ledamoter/nordberg-johan-albert.html,"Nordberg, Johan Albert",1871-12-2
https://www.vitterhetsakademien.se/ledamoter/ledamoter/de-barros-y-sousa-manuel-francisco.html,"de Barros y Sousa, Manuel Francisco",1791-11-1
https://www.vitterhetsakademien.se/ledamoter/ledamoter/von-munthe-af-morgenstierne-georg-valentin-.html,von Munthe af Morgenstierne Georg Valentin,1892-01-0
https://www.vitterhetsakademien.se/ledamoter/ledamoter/selling-carl-gosta-august.html,"Selling, Carl Gösta August",1900-09-2
https://www.vitterhetsakademien.se/ledamoter/ledamoter/bongard-levin-gregory.html,"Bongard-Levin, Gregory",1933-08-2
https://www.vitterhetsakademien.se/ledamoter/ledamoter/sorling-carl-olof-efraim.html,"Sörling, Carl Olof Efraim",1852-09-0
https://www.vitterhetsakademien.se/ledamoter/ledamoter/tegner-elof-kristofer.html,"Tegnér, Elof Kristofer",1844-06-3
https://www.vitterhetsakademien.se/ledamoter/ledamoter/olsson-karl-henry.html,"Olsson, Karl Henry",1896-04-1
https://www.vitterhetsakademien.se/ledamoter/ledamoter/odmann-samuel-lorentz.html,"Ödmann, Samuel Lorentz",1750-12-2
https://www.vitterhetsakademien.se/ledamoter/ledamoter/lindfors-anders-otto.html,"Lindfors, Anders Otto",1781-07-2
https://www.vitterhetsakademien.se/ledamoter/ledamoter/pulszky-ferenc.html,"Pulszky, Ferenc",1814-09-1
https://www.vitterhetsakademien.se/ledamoter/ledamoter/pleijel-hilding-athanasius.html,"Pleijel, Hilding Athanasius",1893-10-1
https://www.vitterhetsakademien.se/ledamoter/ledamoter/wallman-johan-haquin.html,"Wallman, Johan Haquin",1792-09-0
https://www.vitterhetsakademien.se/ledamoter/ledamoter/de-giovane-juliane-franziska.html,"de Giovane, Juliane Franziska",1766-12-2
https://www.vitterhetsakademien.se/ledamoter/ledamoter/wallmark-pehr-adam.html,"Wallmark, Pehr Adam",1777-12-1
https://www.vitterhetsakademien.se/ledamoter/ledamoter/von-friesen-otto-.html,von Friesen Otto,1870-05-1
https://www.vitterhetsakademien.se/ledamoter/ledamoter/friis-aage.html,"Friis, Aage",1870-08-1
https://www.vitterhetsakademien.se/ledamoter/ledamoter/von-hertzberg-ewald-friedrich-graf.html,von Hertzberg Ewald Friedrich Graf,1725-09-0
https://www.vitterhetsakademien.se/ledamoter/ledamoter/hahnloser-hans-robert.html,"Hahnloser, Hans Robert",1889 — d.
https://www.vitterhetsakademien.se/ledamoter/ledamoter/de-gayangos-y-arce-pascual.html,"de Gayangos y Arce, Pascual",1809-06-2
https://www.vitterhetsakademien.se/ledamoter/ledamoter/kock-karl-axel-lichnowsky.html,"Kock, Karl Axel Lichnowsky",1851-03-0
https://www.vitterhetsakademien.se/ledamoter/ledamoter/von-platen-johan-magnus-gson-.html,von Platen Johan Magnus G:son,1920-05-0
https://www.vitterhetsakademien.se/ledamoter/ledamoter/soret-frederic-jacques.html,"Soret, Frédéric Jacques",1795 — d.
https://www.vitterhetsakademien.se/ledamoter/ledamoter/franzen-frans-michael.html,"Franzén, Frans Michael",1772-02-0
https://www.vitterhetsakademien.se/ledamoter/ledamoter/wallin-josef-otto.html,"Wallin, Josef Otto",1786-04-0
https://www.vitterhetsakademien.se/ledamoter/ledamoter/hauberg-peter-christian.html,"Hauberg, Peter Christian",1844-09-2
https://www.vitterhetsakademien.se/ledamoter/ledamoter/amark-herman-wilhelm-mattias.html,"Åmark, Herman Wilhelm Mattias",1882-02-2
https://www.vitterhetsakademien.se/ledamoter/ledamoter/palm-james-wilhelm-jonas.html,"Palm, James Wilhelm Jonas",1925-06-2
https://www.vitterhetsakademien.se/ledamoter/ledamoter/thomsen-christian-jurgensen.html,"Thomsen, Christian Jürgensen",1788-12-2
https://www.vitterhetsakademien.se/ledamoter/ledamoter/thordeman-bengt-johan-neren.html,"Thordeman, Bengt Johan Nerén",1893-09-2
https://www.vitterhetsakademien.se/ledamoter/ledamoter/zetterling-arvid-viktor.html,"Zetterling, Arvid Viktor",1865-05-2
https://www.vitterhetsakademien.se/ledamoter/ledamoter/romanelli-pietro.html,"Romanelli, Pietro",1889-12-2
https://www.vitterhetsakademien.se/ledamoter/ledamoter/paasche-johan-fredrik.html,"Paasche, Johan Fredrik",1886-02-0
https://www.vitterhetsakademien.se/ledamoter/ledamoter/planer-oskar.html,"Planer, Oskar",1854 — d.
https://www.vitterhetsakademien.se/ledamoter/ledamoter/stahle-carl-ivar.html,"Ståhle, Carl Ivar",1913-06-2
https://www.vitterhetsakademien.se/ledamoter/ledamoter/langlet-emil-viktor.html,"Langlet, Emil Viktor",1824-02-2
https://www.vitterhetsakademien.se/ledamoter/ledamoter/gustawsson-karl-alfred.html,"Gustawsson, Karl Alfred",1897-02-1
https://www.vitterhetsakademien.se/ledamoter/ledamoter/thomas-homer-l..html,"Thomas, Homer L.",1917-11-2
https://www.vitterhetsakademien.se/ledamoter/ledamoter/rynell-hans-torsten-alarik.html,"Rynell, Hans Torsten Alarik",1913-03-0
https://www.vitterhetsakademien.se/ledamoter/ledamoter/gieysztor-aleksander.html,"Gieysztor, Aleksander",1916-07-1
https://www.vitterhetsakademien.se/ledamoter/ledamoter/perrot-georges.html,"Perrot, Georges",1832-11-1
https://www.vitterhetsakademien.se/ledamoter/ledamoter/erici-einar-viktor.html,"Erici, Einar Viktor",1885-01-3
https://www.vitterhetsakademien.se/ledamoter/ledamoter/hedenborg-johan.html,"Hedenborg ,Johan",1787-10-2
https://www.vitterhetsakademien.se/ledamoter/ledamoter/meijer-hans-august-bernhard.html,"Meijer, Hans August Bernhard",1922-03-0
https://www.vitterhetsakademien.se/ledamoter/ledamoter/rutstrom-carl-birger.html,"Rutström, Carl Birger",1748-11-2
https://www.vitterhetsakademien.se/ledamoter/ledamoter/rehnberg-mats-erik-adolf.html,"Rehnberg, Mats Erik Adolf",1915-10-1
https://www.vitterhetsakademien.se/ledamoter/ledamoter/koch-hans-harald.html,"Koch, Hans Harald",1904-05-0
https://www.vitterhetsakademien.se/ledamoter/ledamoter/hojer-torvald-alrik-magnus.html,"Höjer, Torvald Alrik Magnus",1906-02-2
https://www.vitterhetsakademien.se/ledamoter/ledamoter/ekdahl-nils-johan.html,"Ekdahl, Nils Johan",1799-04-2
https://www.vitterhetsakademien.se/ledamoter/ledamoter/nordin-carl-gustaf.html,"Nordin, Carl Gustaf",1749-01-0
https://www.vitterhetsakademien.se/ledamoter/ledamoter/hatton-ragnhild-marie.html,"Hatton, Ragnhild Marie",1913-02-1
https://www.vitterhetsakademien.se/ledamoter/ledamoter/tynell-lars-pettersson.html,"Tynell, Lars Pettersson",1853-11-1
https://www.vitterhetsakademien.se/ledamoter/ledamoter/roques-mario-louis-guillaume.html,"Roques, Mario Louis Guillaume",1875-07-0
https://www.vitterhetsakademien.se/ledamoter/ledamoter/wifstrand-sven-albert.html,"Wifstrand, Sven Albert",1901-03-0
https://www.vitterhetsakademien.se/ledamoter/ledamoter/hamner-john-vilhelm.html,"Hamner, John Vilhelm",1870-05-1
https://www.vitterhetsakademien.se/ledamoter/ledamoter/rosenhane-schering.html,"Rosenhane, Schering",1754-01-0
https://www.vitterhetsakademien.se/ledamoter/ledamoter/jaakkol-kaarle-jalmari.html,"Jaakkol, Kaarle Jalmari",1885-01-0
https://www.vitterhetsakademien.se/ledamoter/ledamoter/ruin-olof.html,"Ruin, Olof",1927-11-0
https://www.vitterhetsakademien.se/ledamoter/ledamoter/toivonen-yrjo-henrik.html,"Toivonen, Yrjö Henrik",1890-01-1
https://www.vitterhetsakademien.se/ledamoter/ledamoter/ljung-sven-johan-gustaf.html,"Ljung, Sven Johan Gustaf",1906-04-2
https://www.vitterhetsakademien.se/ledamoter/ledamoter/rydberg-abraham-viktor.html,"Rydberg, Abraham Viktor",1828-12-1
https://www.vitterhetsakademien.se/ledamoter/ledamoter/kronholm-birger-tryggve.html,"Kronholm, Birger Tryggve",1939-12-1
https://www.vitterhetsakademien.se/ledamoter/ledamoter/hedblom-jons-folke.html,"Hedblom, Jöns Folke",1908-04-2
https://www.vitterhetsakademien.se/ledamoter/ledamoter/zilliacus-gustaf-emil.html,"Zilliacus, Gustaf Emil",1878-09-0
https://www.vitterhetsakademien.se/ledamoter/ledamoter/geijer-anders-herman.html,"Geijer, Anders Herman",1871-11-1
https://www.vitterhetsakademien.se/ledamoter/ledamoter/thummler-johannes-gotthilf-fritz.html,"Thümmler, Johannes Gotthilf Fritz",1910-02-1
https://www.vitterhetsakademien.se/ledamoter/ledamoter/rydberg-olof-simon.html,"Rydberg, Olof Simon",1822-12-2
https://www.vitterhetsakademien.se/ledamoter/ledamoter/sahlgren-gustav-fredrik-joran.html,"Sahlgren, Gustav Fredrik Jöran",1884-04-0
https://www.vitterhetsakademien.se/ledamoter/ledamoter/olsson-nils-william.html,"Olsson, Nils William",1909-06-1
https://www.vitterhetsakademien.se/ledamoter/ledamoter/rosetti-alexandru.html,"Rosetti, Alexandru",1895-10-2
https://www.vitterhetsakademien.se/ledamoter/ledamoter/grandjean-poul-bredo.html,"Grandjean, Poul Bredo",1880-09-0
https://www.vitterhetsakademien.se/ledamoter/ledamoter/svartvik-jan.html,"Svartvik, Jan",1931-08-1
https://www.vitterhetsakademien.se/ledamoter/ledamoter/lindblom-christian-johannes.html,"Lindblom, Christian Johannes",1882-06-0
https://www.vitterhetsakademien.se/ledamoter/ledamoter/helbig-wolfgang.html,"Helbig, Wolfgang",1839-02-0
https://www.vitterhetsakademien.se/ledamoter/ledamoter/lagerqvist-lars-o..html,"Lagerqvist, Lars O.",1929-02-0
https://www.vitterhetsakademien.se/ledamoter/ledamoter/sabau-y-larroya-don-pedro-.html,"Sabau y Larroya, Don Pedro",1808 — d.
https://www.vitterhetsakademien.se/ledamoter/ledamoter/schurer-von-waldheim-johan-wilhelm-.html,"Schürer von Waldheim, Johan Wilhelm",1843-05-0
https://www.vitterhetsakademien.se/ledamoter/ledamoter/svanberg-john-victor.html,"Svanberg, John Victor",1896-05-2
https://www.vitterhetsakademien.se/ledamoter/ledamoter/glob-peter-vilhelm.html,"Glob, Peter Vilhelm",1911-02-2
https://www.vitterhetsakademien.se/ledamoter/ledamoter/sjoqvist-erik.html,"Sjöqvist, Erik",1903-07-1
https://www.vitterhetsakademien.se/ledamoter/ledamoter/migliorini-bruno.html,"Migliorini, Bruno",1896-11-1
https://www.vitterhetsakademien.se/ledamoter/ledamoter/mejborg-rejnhold-frederik-severin.html,"Mejborg, Rejnhold Frederik Severin",1845-03-2
https://www.vitterhetsakademien.se/ledamoter/ledamoter/reutersward-patrik-anders-adolf.html,"Reuterswärd, Patrik Anders Adolf",1922-11-1
https://www.vitterhetsakademien.se/ledamoter/ledamoter/santesson-otto-bernt.html,"Santesson, Otto Bernt",1874-12-1
https://www.vitterhetsakademien.se/ledamoter/ledamoter/sjogren-tor-ake-johan.html,"Sjögren, Tor Åke Johan",1866-08-0
https://www.vitterhetsakademien.se/ledamoter/ledamoter/rooth-erik-gustaf-teodor.html,"Rooth, Erik Gustaf Teodor",1889-04-2
https://www.vitterhetsakademien.se/ledamoter/ledamoter/hedner-anders.html,"Hedner, Anders",1801-12-1
https://www.vitterhetsakademien.se/ledamoter/ledamoter/tychsen-oluf-gerhard.html,"Tychsen, Oluf Gerhard",1734-12-1
https://www.vitterhetsakademien.se/ledamoter/ledamoter/jonzon-gustaf-wilhelm-israel.html,"Jonzon, Gustaf Wilhelm Israel",1885-07-1
https://www.vitterhetsakademien.se/ledamoter/ledamoter/klintberg-mathias-victor.html,"Klintberg, Mathias Victor",1847-10-0
https://www.vitterhetsakademien.se/ledamoter/ledamoter/wallenius-johan-fredrik.html,"Wallenius, Johan Fredrik",1765-08-1
https://www.vitterhetsakademien.se/ledamoter/ledamoter/heyne-christian-gottlob.html,"Heyne, Christian Gottlob",1729-09-2
https://www.vitterhetsakademien.se/ledamoter/ledamoter/de-loubat-duc-de-loubat-joseph-florimond-.html,"de Loubat, Duc de Loubat Joseph Florimond",1831-01-3
https://www.vitterhetsakademien.se/ledamoter/ledamoter/gerhard-friedrich-wilhelm-eduard.html,"Gerhard, Friedrich Wilhelm Eduard",1795-11-2
https://www.vitterhetsakademien.se/ledamoter/ledamoter/salin-karl-bernhard.html,"Salin, Karl Bernhard",1861-01-1
https://www.vitterhetsakademien.se/ledamoter/ledamoter/simonsson-nils.html,"Simonsson, Nils",1920-11-1
https://www.vitterhetsakademien.se/ledamoter/ledamoter/wessen-elias-gustaf-adolf.html,"Wessén, Elias Gustaf Adolf",1889-04-1
https://www.vitterhetsakademien.se/ledamoter/ledamoter/oberholzer-otto.html,"Oberholzer, Otto",1919-12-1
https://www.vitterhetsakademien.se/ledamoter/ledamoter/steckzen-birger.html,"Steckzén, Birger",1892-10-1
https://www.vitterhetsakademien.se/ledamoter/ledamoter/fischer-peter-m..html,"Fischer, Peter M.",1946-11-2
https://www.vitterhetsakademien.se/ledamoter/ledamoter/hausen-reinhold-theodor.html,"Hausen, Reinhold Theodor",1850-10-0
https://www.vitterhetsakademien.se/ledamoter/ledamoter/nilsson-nils-martin-persson.html,"Nilsson, Nils Martin Persson",1874-07-1
https://www.vitterhetsakademien.se/ledamoter/ledamoter/erslev-kristian-sophus-august.html,"Erslev, Kristian Sophus August",1852-12-2
https://www.vitterhetsakademien.se/ledamoter/ledamoter/eldjarn-kristjan-thorarinsson.html,"Eldjárn, Kristján Thórarinsson",1916-12-0
https://www.vitterhetsakademien.se/ledamoter/ledamoter/neikter-jacob-fredrik.html,"Neikter, Jacob Fredrik",1744-05-2
https://www.vitterhetsakademien.se/ledamoter/ledamoter/fridh-ake-josefsson.html,"Fridh, Åke Josefsson",1918-07-2
https://www.vitterhetsakademien.se/ledamoter/ledamoter/thyselius-pehr.html,"Thyselius, Pehr",1769-07-0
