qid,label,birth,wd_id
Q15405,Elias Magnus Fries,1794,323
Q47011,Zigmas Zinkevičius,1925,207
Q52890,Gustaf V,1858,297
Q52926,Oscar I,1799,292
Q66216,Wolf Lepenies,1941,189
Q70423,Wolfgang Helbig,1839,1305
Q115477,Louise Mountbatten,1889,305
Q225850,Sven Nilsson,1787,337
Q316031,Torsten Persson,1954,223
Q435739,"Prins Wilhelm, hertig av Södermanland",1884,303
Q444538,Per Daniel Amadeus Atterbom,1790,468
Q446338,Stig Strömholm,1931,130
Q499288,Andreas Lindblom,1889,574
Q509792,Axel Boëthius,1889,582
Q714281,Carl Gustaf von Brinkman,1764,439
Q1069138,Oscar Bernadotte,1859,298
Q1237532,Gunnar Tilander,1894,605
Q1245779,David M. Wilson,1931,204
Q1527706,Matthias Norberg,1747,433
Q1662985,Ingemar Düring,1903,650
Q1692096,Johan Vising,1855,373
Q1797996,Nils Herlitz,1888,627
Q1910650,Mathias Benzelstierna,1713,255
Q2070822,Carl Bildt,1850,351
Q2286404,Birger Ekeberg,1880,375
Q2485795,Oscar Alin,1846,498
Q2544847,Walter Hävernick,1905,1371
Q2585353,Christoffer Bogislaus Zibet,1740,267
Q2939221,Carlo Maurilio Lerici,1890,1374
Q3120877,Gunnar Olof Hyltén-Cavallius,1818,341
Q3358580,Karl Bernhard Wiklund,1868,542
Q3700818,Dag Norberg,1909,631
Q4936595,Birgit Arrhenius,1932,26
Q4936707,Greta Arwidsson,1906,667
Q4939155,Margareta Biörnstad,1928,30
Q4944209,Sara Danius,1962,218
Q4987138,Eva Haettner Aurelius,1948,61
Q4990548,Ingeborg Wilcke-Lindqvist,1891,1167
Q5126408,Clarence Bloomfield Moore,1852,1326
Q5341372,Edvard Magnus Rodhe,1878,377
Q5554691,Hans Andersson,1936,21
Q5567272,Evert Baudou,1925,27
Q5570999,Carl Reinhold Berch,1706,230
Q5580144,Paul Boberg,1884,1145
Q5588948,Dan Brändström,1941,31
Q5603416,Sten Carlsson,1917,663
Q5605906,Ulric Celsing,1731,260
Q5621000,Gustaf Ljunggren,1823,484
Q5626669,Johan Hartman Eberhardt,1727,416
Q5708784,Ingemar Eliasson,1939,48
Q5745627,Berge Frondin,1718,242
Q5755004,Claes Gejrot,1960,220
Q5768079,Lars Grandel,1750,438
Q5774217,Eiler Græbe,1892,1177
Q5784621,Carl Hallendorff,1869,536
Q5785169,Gunnar Hallström,1875,1117
Q5791865,Lars Hartman,1930,63
Q5804013,Bengt Hesselman,1875,556
Q5806973,Johan Hirschfeldt,1942,67
Q5811172,Åke Holmbäck,1889,629
Q5812128,Hans Olof Holmström,1784,319
Q5856968,Wilhelm Faxe,1767,285
Q5879921,Sven B.F. Jansson,1906,654
Q5879973,Valter Jansson,1907,621
Q5912576,Sven Kjöllerström,1901,639
Q5953488,Folke Lindberg,1903,665
Q5955768,Anders Otto Lindfors,1781,451
Q6070075,Gustaf Ribbing,1719,254
Q6079896,Schering Rosenhane,1754,418
Q6084610,Carl Birger Rutström,1758,435
Q6085109,Otto Rydbeck,1872,540
Q6090181,Erik Salvén,1889,1162
Q6150108,Karl Gustav Ljunggren,1906,647
Q6188994,Lars-Göran Stenelo,1939,126
Q6197609,Jan Svartvik,1931,131
Q6205641,Ulf Teleman,1934,136
Q6215668,Gustaf Trolle-Bonde,1773,320
Q6215783,Gustaf Trotzig,1937,166
Q6225599,Nils Erik Villstrand,1952,215
Q6228276,Carl Fredrik Wærn,1819,335
Q6238386,Knut B. Westman,1881,589
Q6240214,Mats Widgren,1948,141
Q6240646,Harald Wieselgren,1835,506
Q16184361,Carl Nordenfalk,1907,658
Q16649764,Gustaf Daniel Lorichs,1785,316
Q18245346,Herbert Rettig,1888,384
Q20738212,Rolf Torstendahl,1936,139
Q26835733,Göran Hermerén,1938,66
Q27996945,Carl Einar Dörring,1884,1160
Q27996985,Longxi Zhang,1946,191
Q27996985,Longxi Zhang,1947,191
Q27997023,Johan August Zacharias Wittlock,1828,501
Q27997032,Karl Gustaf Cedergren,1867,1129
Q28003369,Bo Andersson,1955,19
Q29341952,Gustaf Fredrik von Böningh,,1284
Q29342022,Carl Silfverstolpe,1840,505
Q29342026,Carl-Hakon Swenson,1913,399
Q29342027,Tage Cervin,1892,386
Q29342042,Sergiusz Michalski,1951,194
Q29342048,Johan Söderberg,1950,134
Q46778,Hans Hildebrand,1842,483
Q53310,Nils Edén,1871,370
Q72371,Gerhard Ritter,1888,924
Q75711,Paul Clemen,1866,866
Q77445,Christian Martin Joachim Frähn,1782,773
Q95252,Theodor Frings,1886,897
Q113512,Felix Genzmer,1878,921
Q312397,Oscar Montelius,1843,485
Q351891,Louis Masreliez,1748,428
Q352777,Niels Matthias Petersen,1791,803
Q525099,Torgny T:son Segerstedt,1908,393
Q552469,Carl Blegen,1887,917
Q879597,Björn Collinder,1894,585
Q962296,Gustav Storm,1845,509
Q1148805,Peter Gärdenfors,1949,60
Q1779574,Harry Fett,1875,883
Q1959091,Anders Fryxell,1795,457
Q2366372,Sune Lindqvist,1887,549
Q2885432,"Percy Smythe, 6th Viscount Strangford",1780,770
Q3056891,Ernest Chantre,1843,856
Q3302927,Vilhelm Fredrik Palmblad,1788,465
Q3338577,Gudmund Jöran Adlerbeth,1751,407
Q3352137,Erik Lönnroth,1910,645
Q3364467,Christian Molbech,1783,796
Q3365201,Rasmus Nyerup,1759,772
Q3422953,Oluf Kolsrud,1885,876
Q3430036,Hal Koch,1904,890
Q3784536,Helge Almquist,1880,545
Q4162615,Emil Hildebrand,1848,497
Q4384252,Orvar Löfgren,1943,96
Q4946836,Gunnel Engwall,1942,51
Q4962827,Torun Lindholm,1962,1032
Q4993033,Carl Gustaf Nordin,1749,412
Q5545272,Pehr Gustaf Alander,1807,5
Q5547178,Jonas Allvin,1777,1027
Q5556673,Georg Andrén,1890,614
Q5571700,Edwin Berger,1871,1110
Q5572041,Birger Bergh,1935,742
Q5580519,Simon Boëthius,1850,510
Q5586567,Ove Bring,1943,40
Q5586594,Nils-Arvid Bringéus,1926,41
Q5588678,Magnus Bruzelius,1786,1009
Q5615327,Göran Dahlbäck,1941,45
Q5615624,Urban Dahllöf,1928,46
Q5627297,Lars-Erik Edlund,1953,47
Q5627297,Lars-Erik Edlund,1953,47
Q5709994,Lennart Elmevik,1936,49
Q5713314,Lars Engwall,1942,52
Q5713434,Nils Erik Enkvist,1925,970
Q5716418,Gunnar Eriksson,1931,53
Q5725105,Eric Michael Fant,1754,420
Q5733641,Johan David Flintenberg,1762,423
Q5746108,Erik Frykman,1905,55
Q5774297,Bo Gräslund,1934,58
Q5780452,Sven Göransson,1910,694
Q5798922,Staffan Hellberg,1942,64
Q5799920,Staffan Helmfrid,1927,65
Q5884822,Kurt Johannesson,1935,74
Q5884856,Ture Johannisson,1903,617
Q5924059,Tryggve Kronholm,1939,748
Q5959106,Jan Ling,1934,93
Q5961097,Carl Ljunggren,1858,1097
Q5966107,Johan Lundblad,1753,445
Q5971957,David Magnusson,1925,97
Q5985424,Tryggve Mettinger,1940,101
Q5990960,Bertil Molde,1919,725
Q6010390,Göran B. Nilsson,1934,103
Q6013757,Erik Norberg,1942,4
Q6044699,Jan Petersen,1887,923
Q6073623,Adolf Fredrik Ristell,1744,410
Q6078537,Erik Rooth,1889,619
Q6156742,Gabriel Nikander,1884,880
Q6169365,Johan Henrik Schröder,1791,450
Q6195751,Olof Sundel,1764,444
Q6205460,Elof Tegnér,1844,500
Q6217653,Lars Tynell,1853,1066
Q6230706,Johan Fredrik Wallenius,1765,784
Q6231432,Per Adam Wallmark,1777,441
Q6238099,Gunnar T. Westin,1911,687
Q6254347,Samuel Älf,1727,421
Q7105892,Oscar Broneer,1894,926
Q7510658,Siegfried Lienhard,1924,85
Q11974196,Harald Grundström,1885,613
Q12303727,Bjørn Kornerup,1896,903
Q15261280,Åke Åkerström,1902,689
Q16162805,Johan Björnstjerna,1729,422
Q16503008,Anders Blad,1748,436
Q16650003,Nils Åke Nilsson,1917,700
Q16650009,Ludvig Nobel,1868,1114
Q18807099,Gustav Korlén,1915,78
Q20652796,Erik Cinthio,1921,37
Q20732118,Carl Fredrik Wiberg,1813,6
Q25927225,Anders Åman,1935,751
Q27912880,Sven Lundkvist,1927,95
Q27996927,Homer L. Thomas,1913,995
Q27996927,Homer L. Thomas,1917,995
Q27996975,Alarik Rynell,1913,695
Q29342000,Carl Richard Hjorth,1847,1052
Q29342019,Erland Jacob Ehnmark,1903,662
Q29342054,Anne-Marie Leander Touati,1951,84
Q23870,Otto Jespersen,1860,871
Q69529,Bernhard Karl von Koehne,1817,1264
Q72564,Herbert Jankuhn,1905,943
Q76589,Friedrich Christoph Dahlmann,1785,795
Q77231,Karl Richard Lepsius,1810,806
Q97466,August Kestner,1777,1263
Q97521,Johannes Kretzschmar,1864,861
Q120949,Johann Georg Peter Möller,1729,763
Q168356,Adam Oehlenschläger,1779,1247
Q215621,Eduard Fraenkel,1888,902
Q290255,Christian Ditlev Reventlow,1671,1060
Q323684,Edvard Holm,1833,821
Q335879,Torsten Hägerstrand,1916,711
Q355090,Ivar Tengbom,1878,378
Q371258,Kenneth Clark,1903,922
Q456732,Sven Lagerbring,1707,232
Q562127,Gerard De Geer,1858,366
Q606851,J. B. Trapp,1925,991
Q643868,Friedrich Ancillon,1767,780
Q697183,Gabriel de Broglie,1931,173
Q918017,Brita Malmer,1925,98
Q919826,Rutger Sernander,1866,374
Q940838,Nicolay Nicolaysen,1817,1035
Q1033420,József Hampel,1849,843
Q1037921,Carl Fredrik Adelcrantz,1716,252
Q1089021,Jean-Baptiste de Montyon,1733,767
Q1348997,Henrik Reuterdahl,1795,318
Q1355965,Johan Olof Wallin,1779,282
Q1609365,Herbert von Einem,1905,953
Q1662780,Inge Jonsson,1928,76
Q1794545,Erik Allardt,1925,168
Q2840561,Alvar Ellegård,1919,722
Q2940262,Ivar Afzelius,1848,355
Q3011853,Dag Prawitz,1936,111
Q3352340,Anders Fredrik Skjöldebrand,1757,276
Q3439510,Torbjörn Lodén,1947,94
Q3658762,Carl Fredrik af Wingård,1781,286
Q4356053,Joakim Palme,1958,109
Q4684135,Adolf Ludvig Stierneld,1755,277
Q4952414,Ingrid Hammarström,1924,721
Q4953352,Karin Helander,1951,86
Q5257540,Lars-Gunnar Larsson,1947,83
Q5444062,Ference Marton,1939,100
Q5570105,Bengt Bengtsson,1910,1202
Q5581542,Carl Carlson Bonde,1850,357
Q5584506,Magnus Brahe,1790,288
Q5588027,Gösta Bruce,1947,754
Q5588562,Gustaf Brusewitz,1812,1056
Q5604848,Gunnar Castrén,1878,870
Q5628179,Pehr von Ehrenheim,1823,347
Q5733074,Claes Adolph Fleming,1771,271
Q5759618,Gustaf Gilljam,1832,350
Q5789138,Hans Hansson,1907,679
Q5802624,Olof Hermelin,1827,1039
Q5808006,Jan Hjärpe,1942,68
Q5811034,Sören Holmberg,1943,69
Q5880334,Anders Jarlert,1952,72
Q5931493,Lars O. Lagerqvist,1929,158
Q5933706,Bengt Landgren,1942,81
Q5951131,Anders Lignell,1787,1020
Q5953424,Bo Lindberg,1946,90
Q5981681,Ian Gordon Lindsay,1906,1375
Q6001218,Peter von Möller,1809,332
Q6032964,Nils Gustaf Palin,1765,290
Q6095998,Claes Schaar,1920,122
Q6170328,Magnus Gottfrid Schybergson,1851,842
Q6171343,Vilhelm Adolf Secher,1851,846
Q6189409,Thure Stenström,1927,127
Q6201615,Nils Johan Söderberg,1851,1119
Q6208845,Arthur Thomson,1891,382
Q6233973,Anders Wedberg,1913,688
Q6238601,Erik Wetter,1889,388
Q6320543,August Quennerstedt,1837,363
Q10511031,Gustaf Adolf Fredrik Wilhelm von Essen,1803,330
Q11409573,Minoru Hara,1930,179
Q12085255,Per-Arne Bodin,1949,38
Q12085255,Per-Arne Bodin,1949,38
Q12377842,Urve Miller,1930,159
Q12874316,Vassos Karageorghis,1929,184
Q13412730,Kenneth Jonsson,1950,77
Q16467531,Peter Olsson,1838,1090
Q16633099,Anders Jeffner,1934,73
Q16633323,Carl Nylander,1932,106
Q18245360,Patrik Reuterswärd,1922,726
Q18245485,Margaretha Rossholm Lagerlöf,1943,115
Q18921179,Poul Jørgen Riis,1910,975
Q23989204,Gunnar Tideström,1906,674
Q27996910,Carl Cullberg,1930,152
Q27996968,Alf Amund Amundson,1875,380
Q27996988,Sven Johan Gustaf Ljung,1906,1228
Q27997002,Cajus Fabricius,1925,744
Q27997004,Kaj Århem,1948,146
Q27997016,Francesco Fabi Montani,1801,1261
Q27997028,Hans Kronning,1953,79
Q29034039,Birgitta Svensson,1948,133
Q29341960,Johan Axel Christian Callmer,1908,1208
Q29341973,Arthur Olof Bernhard Bygdén,1881,1174
Q29342032,Johan Jakob Frans (John) Jennings,1762,283
Q29342047,Marianne Thormählen,1949,138
Q29342051,Lars Lindvall,1935,92
Q260,Jean-François Champollion,1790,781
Q22670,Friedrich Schiller,1759,765
Q63224,Gustaf Kossinna,1858,867
Q65617,Ludwig Curtius,1874,884
Q66729,Theodor von Sickel,1826,835
Q85333,Johann Martin Lappenberg,1794,794
Q104294,Wilhelm Eduard Wilda,1800,792
Q124571,Jean-Pierre Guillaume Catteau-Calleville,1759,766
Q304825,Angelo Mai,1782,774
Q330061,Fredrik Wilhelm Scholander,1816,480
Q333297,Frans Michael Franzén,1772,446
Q450909,Emil Zilliacus,1878,895
Q465251,Ragnar Josephson,1891,620
Q670006,Gunnar Rudberg,1880,564
Q692356,Arne Furumark,1903,643
Q699662,Giovanni Battista de Rossi,1822,831
Q706613,Georg Sarauw,1862,1348
Q739986,Alfred Ernout,1879,879
Q792205,Axel Hägerström,1868,552
Q977052,Gunnar Jarring,1907,683
Q1449901,Franz von Erdmann,1793,1268
Q1542289,Tore Janson,1936,71
Q1800486,Laurids Engelstoft,1774,790
Q1807494,Ingvar Andersson,1899,610
Q1959642,Harald Hjärne,1848,508
Q2069286,Giovanni Colonna,1934,175
Q2342814,Alexandre Bertrand,1820,832
Q2602022,Albert Henry,1910,967
Q3316616,Anton Wilhelm Brøgger,1884,886
Q3316616,Anton Wilhelm Brøgger,1884,886
Q3357388,Carl Frederik Bricka,1845,1317
Q3370115,Eva Österberg,1942,147
Q4354347,Martin Weibull,1835,496
Q4356831,Max Engman,1945,177
Q4547462,Johan Jakob Nordström,1801,466
Q4583825,Johannes Brøndsted,1890,892
Q4710506,Albert Hugh Smith,1903,944
Q4946711,Elisabet Engdahl,1949,50
Q4956126,Anita Jacobson-Widding,1934,70
Q4976491,Kerstin Sahlin,1954,119
Q4992490,Erik Wilhelm Dahlgren,1848,519
Q4992644,Carl Georg Brunius,1792,469
Q5040123,Carl Fehrman,1915,678
Q5547555,Johan Axel Almquist,1870,537
Q5556725,Åke Andrén,1917,734
Q5563907,Axel Gabriel Leijonhufvud,1717,234
Q5575123,Sven Peter Bexell,1775,1006
Q5597308,Nils Fredrik Biberg,1776,434
Q5602780,Gunnar Carlquist,1889,635
Q5609612,Samuel Clason,1867,530
Q5629505,Richard Ekblom,1874,577
Q5699785,Henrik Cornell,1890,615
Q5731679,Peter M. Fischer,1946,209
Q5744327,Sigurd Fries,1924,54
Q5912331,Adolf Kjellström,1834,1089
Q5923969,Åke Kromnow,1914,691
Q5937977,Lars Larsson,1947,82
Q5954415,Johannes Lindblom,1882,996
Q5968030,Carl Johan Lundvall,1775,455
Q5969151,Frits Läffler,1847,522
Q6014702,Carl Fredric Nordenskiöld den äldre,1702,1049
Q6021082,Gustaf Näsström,1899,1159
Q6027483,Martin Olsson,1886,594
Q6027612,Nils William Olsson,1909,1373
Q6060402,Wlodek Rabinowicz,1947,112
Q6066366,Gustaf Regnér,1748,432
Q6083142,Olof Ruin,1927,116
Q6085718,Johan Erik Rydqvist,1800,467
Q6086089,Göran Rystad,1925,117
Q6138872,James Mann,1897,1358
Q6170345,Adolf Schück,1897,630
Q6181789,Helmer Smith,1882,578
Q6190492,Arthur Stille,1863,532
Q6197241,Gunnar Svahnström,1915,165
Q6205468,Esaias Tegnér den yngre,1843,487
Q6239944,Sam Wide,1861,528
Q7668203,T. D. Kendrick,1895,909
Q11905856,Antonio Griera y Gaja,1887,934
Q12309862,Else Kai Sass,1912,973
Q16650018,Fredrik Nordin,1852,524
Q18237382,Olof Arngart,1905,997
Q19721274,Johan Wahlfisk,1842,1068
Q19976002,Gunn Johansson,1941,75
Q19976292,Franz Blatt,1903,969
Q27902128,Berndt Brehmer,1940,39
Q27996914,Arne Vidar Rudolf Christensen,1919,151
Q27996920,Sven Ronald Gustavsson,1938,59
Q27997012,Arvid Viktor Zetterling,1865,1130
Q27997033,Johan Enequist,1787,1019
Q27997037,Morten Nøjgaard,1934,196
Q27997047,Levin Christian Wiede,1804,1015
Q29341958,Lars Ulf Johansson Stiernstedt,1909,1219
Q29341966,Karl Rencke,1892,1190
Q29342002,Emanuel Thure Cederström,1848,1050
Q29342005,Ludvig Palmgren,1844,1044
Q29342007,Jean-Pierre Mousson-Lestang,1934,992
Q29342013,Per Vilhelm Lundström,1922,738
Q29342018,Bernhard Julius Lewin,1903,676
Q29342040,Richard Whitley,1944,203
Q29342045,Rune Åberg,1942,144
Q78894,Manfred Bietak,1940,170
Q102139,Margrethe II av Danmark,1940,213
Q159723,Nathan Söderblom,1866,365
Q321521,Fredrik Ferdinand Carlson,1811,338
Q329349,Jean Leclant,1920,188
Q337043,Randolph Quirk,1920,199
Q366765,Esaias Tegnér,1782,307
Q525663,Anton Niklas Sundberg,1818,333
Q640991,Gustaf Retzius,1842,353
Q660553,François-Auguste Mignet,1796,1270
Q741054,Christopher Holmboe,1796,339
Q873005,Domenico Lo Faso Pietrasanta,1783,1258
Q930758,Carl von Rosenstein,1766,273
Q943803,Uno von Troil,1746,253
Q949175,Sture Allén,1928,17
Q1039853,Carl Möller,1857,362
Q1040670,Carl Snoilsky,1841,348
Q1157217,Dagfinn Føllesdal,1932,178
Q1243694,Fritz Paul,1942,198
Q1555418,August Gustaf Eisen,1847,1135
Q1603725,Helmut Jäger,1923,183
Q1613210,Johan Gabriel Oxenstierna,1750,256
Q2268637,"Prinsessan Christina, fru Magnuson",1943,1399
Q2349252,Johan Reinhold Aspelin,1842,1301
Q3083698,François-Xavier Dillmann,1949,176
Q3916765,Fredrik Wachtmeister,1855,360
Q4569362,Mathias Rosenblad,1758,266
Q4582212,Aleksander Kan,1925,157
Q4916293,Birgitta Fritz,1935,155
Q4938540,Brita Bergman,1946,28
Q4940233,Ragnhild Boström,1917,150
Q4970779,Birgitta Odén,1921,107
Q5542416,Rolf Adamson,1927,15
Q5545710,Bertil Albrektson,1929,16
Q5547221,Göran Alm,1945,214
Q5547358,Bertil Almgren,1918,18
Q5554562,Greger Andersson,1952,20
Q5556122,Thorsten Andersson,1929,22
Q5556654,Anders Andrén,1952,23
Q5559995,Peter Aronsson,1959,2
Q5567167,Jean-François Battail,1939,169
Q5577315,Per Bjurström,1928,29
Q5581559,Gustaf Bonde,1682,229
Q5583374,Anders af Botin,1724,236
Q5586654,Stefan Brink,1952,33
Q5588684,Nils G. Bruzelius,1826,1033
Q5591451,Samuel Byrskog,1957,222
Q5726689,Mohammad Fazlhashemi,1961,219
Q5729302,Eric Festin,1878,1115
Q5786852,Carl Gustaf Hammarskjöld,1865,349
Q5880547,Arne Jarrick,1952,1388
Q5930787,Magnus Lagerberg,1844,1070
Q5933728,Lars Landgren,1810,336
Q5961497,Claes Johan Ljungström,1819,1036
Q5974619,Christopher Manderström,1727,239
Q5999630,Janken Myrdal,1949,102
Q6011903,Sten Åke Nilsson,1936,104
Q6062282,Malte Ramel,1747,251
Q6093380,Sven Sandström,1927,121
Q6169392,Elis Schröderheim,1747,259
Q6170614,Anders Schönberg den yngre,1737,241
Q6184994,Gustaf Sparre,1802,314
Q6197800,Johan Svedjedal,1956,132
Q6197800,Johan Svedjedal,1956,132
Q6198160,Sven G. Svenson,1919,1227
Q6201336,Pehr Arvid Säve,1811,344
Q6202417,Knut Fredrik Söderwall,1842,359
Q6233989,Johan Otto Wedberg,1826,343
Q6247226,Johan Wrede,1935,205
Q6255717,Mats Åmark,1882,1151
Q6256396,Fridolf Ödberg,1845,1088
Q6742359,Malcolm H. Wiener,1935,212
Q9184565,Carl Gustaf Schultz von Ascheraden,1743,244
Q11855618,Curt Olsson,1919,197
Q11981437,Kolbjørn Skaare,1931,201
Q12354836,Sam Owen Jansson,1906,1214
Q15445582,Michael Müller-Wille,1938,195
Q15637546,Jerker Blomqvist,1938,1031
Q16596442,Berta Stjernquist,1918,128
Q16596643,Louise Vinge,1931,143
Q16596643,Louise Vinge,1931,143
Q16650368,Erik af Sotberg,1724,238
Q18374417,Catharina Raudvere,1960,113
Q24878904,Wilhelm Marks von Würtenberg,1743,270
Q27215304,Ingrid Sjöström,1938,164
Q27996911,Lars Olof Fägersten,1775,311
Q27996918,Allan Ranius,1934,161
Q27996919,Cecilia Falk,1960,216
Q27996926,Petrus Norberg,1875,1173
Q27996949,Kristian Kristiansen,1948,187
Q27996993,Eva Rystedt,1945,118
Q27996995,Gun Widmark,1920,142
Q28005441,Staffan Rosén,1944,114
Q28466415,Erik Modin,1862,1108
Q29341932,Ann-Charlotte Gavel Adams,1944,1403
Q29341957,Bengt Erik Martin Bylund,1922,1223
Q29341969,Emil Schieche,1901,1185
Q29341992,Fredrik Ferdinand Reventlow,1850,1092
Q29341992,Fredrik Ferdinand Reventlow,1850,1092
Q29342039,Agneta Åkerlund,1949,217
Q64607,Wilhelm von Bode,1845,849
Q129022,Charles-Jean-François Hénault,1685,246
Q155914,Peter Simon Pallas,1741,759
Q274996,Émile Cartailhac,1845,853
Q277899,Emanuel Walberg,1873,555
Q312501,Henri Pirenne,1862,851
Q330454,Abraham Niclas Edelcrantz,1754,269
Q361286,Prins Gustaf av Sverige och Norge,1827,294
Q382709,Sigurd Erixon,1888,573
Q721401,Elias Wessén,1889,567
Q736172,Sture Petrén,1908,391
Q742191,Prins August av Sverige och Norge,1831,296
Q792278,Axel Moberg,1872,563
Q793616,"Prins Carl, hertig av Västergötland",1861,299
Q984681,Carl Gustaf af Leopold,1756,427
Q990655,Bror Emil Hildebrand,1806,459
Q1039226,Carl Kempe,1884,385
Q1246324,John Evans,1823,818
Q1281062,Georges Perrot,1832,833
Q1361926,Nils Åberg,1888,618
Q1529543,Sture Bolin,1900,644
Q1554759,Gunnar Lagergren,1912,397
Q1577074,Hans-Günter Buchholz,1919,174
Q1626000,Homer Thompson,1906,951
Q1634464,Hugh Marwick,1881,1365
Q1667711,Paul Raabe,1927,200
Q1786546,Ejnar Dyggve,1887,885
Q1960781,Adolf Ditlev Jørgensen,1840,827
Q1992375,Nils Johan Ekdahl,1799,1004
Q2156541,Robert Beltz,1854,854
Q2193692,Birger Wedberg,1870,372
Q2302669,Johan David Valerius,1776,315
Q2330222,Ksawery Liske,1838,1300
Q2488135,Bengt Sigurd,1928,124
Q2694124,Albrecht Elof Ihre,1797,309
Q2832516,Aleksander Gieysztor,1916,980
Q3054681,Henning Hamilton,1814,324
Q3247040,Lars Huldén,1926,180
Q3734664,Matthias Calonius,1737,426
Q3734664,Matthias Calonius,1738,426
Q4111187,Georgy Vilinbakhov,1949,221
Q4154203,Östen Dahl,1945,44
Q4157018,Jacob Gustaf De la Gardie,1768,291
Q4517378,Alexander Oganovich Chubarian,1931,1392
Q4993194,Olof Wallquist,1755,263
Q4993194,Olof Wallquist,1755,263
Q5278391,Henning Throne-Holst,1895,390
Q5543417,Anders Agell,1930,752
Q5556663,Carl-Gustaf Andrén,1922,24
Q5561353,Gunnar Aspelin,1898,591
Q5572950,Lars Bergquist,1930,148
Q5584766,Gunnar Brandell,1916,723
Q5630578,Gösta Ekman,1920,659
Q5708198,Johan Elers,1730,237
Q5712215,Jacob von Engeström,1735,404
Q5728622,Bengt Ferner,1724,403
Q5733763,Johan Floderus,1721,408
Q5744398,Otto von Friesen,1870,526
Q5748259,Olof Fåhræus,1796,331
Q5776536,Wilhelm Gumælius,1789,329
Q5784592,Jonas Hallenberg,1748,413
Q5809199,Manne Hofrén,1895,1161
Q5818420,Israel Hwasser,1790,325
Q5863057,Lars Furuland,1928,743
Q5931040,Otto Lagercrantz,1868,553
Q5983613,Daniel Melanderhjelm,1726,243
Q5989883,Lennart Moberg,1914,703
Q5997574,Johan Murberg,1734,411
Q6028152,Ulf Olsson,1939,108
Q6066593,Mats Rehnberg,1915,701
Q6082690,Carl Rudenschöld,1698,227
Q6166535,Leonhard Fredrik Rääf,1786,452
Q6172436,Gösta Selling,1900,648
Q6204065,Nils Magnus af Tannström,1777,308
Q6219094,Frits Uldall,1839,1330
Q6223367,Gustaf Velander,1884,389
Q6234215,Caspar Frederik Wegener,1802,804
Q6240723,Albert Wifstrand,1901,580
Q7878878,Ulf Erik Hagberg,1932,62
Q7928867,Vigdis Ystad,1942,206
Q8467287,Nils Simonsson,1920,720
Q10413823,Eugène Lewenhaupt,1849,358
Q10511089,Gustaf af Nordin,1799,321
Q11899441,Ulla Ehrensvärd,1927,153
Q11967689,Erich Christian Werlauff,1781,782
Q12322917,Kristian Hald,1904,971
Q12327830,Mouritz Mackeprang,1869,862
Q15945202,Joseph Anderson,1832,826
Q15992519,Edoardo Brizio,1846,1319
Q16649485,Otto Janse,1867,529
Q21402549,Anders Wilde,1725,417
Q24285860,Allan Ellenius,1927,999
Q24303822,Birgit Stolt,1927,129
Q27996916,Michael Herslund,1945,1393
Q29341929,Lena Ambjörn,1958,1405
Q29341931,Bengt G. Karlsson,1961,1404
Q29341939,Margherita Giordano Lokrantz,1935,1384
Q29341980,Oskar Linus Lidén,1870,1141
Q29341994,Abraham Ahlén,1844,1065
Q29342012,Bo Hilding Särlvik,1928,749
Q29342028,Otto Smith,1864,369
Q29342043,Elena Balzamo,1956,192
Q9068,Voltaire,1694,248
Q52925,Karl XV,1826,293
Q52950,Louis de Geer den äldre,1818,327
Q53633,Ernst Trygger,1857,367
Q71572,Hermann Junker,1877,1353
Q90219,Eduard von Sacken,1825,808
Q116916,Gustaf af Wetterstedt,1776,272
Q268259,Lorentz Dietrichson,1834,354
Q298317,Östen Undén,1886,376
Q333651,Henrik Gabriel Porthan,1739,415
Q347372,Louis-Jules Mancini-Mazarini,1716,756
Q380937,Erik Gustaf Geijer,1783,448
Q381953,Ramón Menéndez Pidal,1869,914
Q389589,Régis Blachère,1900,963
Q432129,Viktor Rydberg,1828,499
Q437719,Fred Karlsson,1946,185
Q470254,Hamit Zübeyir Koşay,1897,1359
Q491083,Anders Johan von Höpken,1712,224
Q517947,Hanna Rydh,1891,1127
Q534493,Alf Lombard,1902,656
Q536191,Angelo Mercati,1870,908
Q656479,Carl Magnus Fürst,1854,368
Q725846,Bengt Erland Fogelberg,1786,1013
Q735070,Helgo Zettervall,1831,342
Q875950,Francesco Maria Avellino,1788,1266
Q896571,Olof Celsius,1716,257
Q931295,Isak Gustaf Clason,1856,371
Q935013,Göran Malmqvist,1924,99
Q1066991,Paolo Matthiae,1940,190
Q1353900,Erik Forssman,1915,154
Q1453234,Fredric Westin,1782,458
Q1502802,Geo Widengren,1907,692
Q1515209,Gert Hatz,1928,210
Q1578711,Hans Bielenstein,1920,149
Q1731903,Peter Berghaus,1919,208
Q2072778,Vilhelm Andersen,1864,906
Q2487226,Carl Ivar Ståhle,1913,664
Q2582187,Willy Schwabacher,1897,1197
Q2854821,Kristian Kaalund,1844,1335
Q3055194,Matti Klinge,1936,186
Q3439851,Gustaf Löwenhielm,1771,306
Q3886396,Oscar Botto,1922,985
Q4574533,Eilert Ekwall,1877,557
Q4981797,Astrid Söderbergh Widding,1963,135
Q4992875,Karl Warburg,1852,520
Q4993034,Ludvig Manderström,1806,312
Q5544152,Abraham Ahlqvist,1794,1007
Q5561462,Karl Asplund,1890,640
Q5563656,Giovanni Anastasi,1780,1243
Q5578043,Gustaf Björlin,1845,361
Q5581978,Jan von Bonsdorff,1959,172
Q5588170,Herman Brulin,1875,381
Q5599519,Hans Henrik Brummer,1937,1029
Q5614055,Anders Cullhed,1951,43
Q5614055,Anders Cullhed,1951,43
Q5614944,Christopher Dahl,1758,429
Q5615864,Erik Dahmén,1916,713
Q5620980,Gustaf Fredrik Gyllenborg,1731,235
Q5626886,Emil Eckhoff,1846,512
Q5626886,Emil Eckhoff,1850,512
Q5628175,Fredrik von Ehrenheim,1753,264
Q5628451,Albert Ehrensvärd den äldre,1821,345
Q5729400,Arnold Feuereisen,1868,1349
Q5755011,Nils-Gustaf Gejvall,1911,714
Q5758633,Pär Göran Gierow,1930,729
Q5768492,John Granlund,1901,660
Q5768874,Anders Grape,1880,583
Q5769178,Sven Grauers,1891,623
Q5773319,Samuel Grubbe,1786,317
Q5781931,Johnny Hagberg,1952,1389
Q5786938,Sven Fromhold Hammarstrand,1821,494
Q5895452,Carl Thomas Järta,1802,462
Q5895473,Harry Järv,1921,736
Q5950279,Johan Hinric Lidén,1741,409
Q5969561,Einar Löfstedt d.y.,1880,559
Q5983309,Hans Meijer,1922,735
Q6005034,Helge Nelson,1882,571
Q6072211,Johan Ernst Rietz,1815,1034
Q6088541,Nils-Eric Sahlin,1954,120
Q6180052,Carl David Skogman,1786,310
Q6184976,Fredrik Sparre,1731,249
Q6187907,Johannes Steenstrup,1844,839
Q6200578,Otto Sylwan,1864,562
Q6203671,Hugo Tamm,1840,356
Q7799861,Théodore-Edme Mionnet,1770,785
Q11773727,Michael Silvius von Hohenhausen,1790,313
Q12333157,Reinhold Mejborg,1845,1312
Q15076223,Pierre Courcelle,1912,940
Q16649075,Lars Cedergren,1795,1010
Q22977459,Adam Lewenhaupt,1820,340
Q26275315,Bo Gyllensvärd,1916,702
Q26923581,Robert Merrillees,1938,211
Q26923581,Robert Merrillees,1938,211
Q27996921,Hans Niklas Teodor Hansson,1859,1095
Q27996948,Otto Bertil Ekberg,1886,1153
Q27996981,Ernst Gustaf Hellgren,1860,1098
Q27997019,Curt Fredrik Meinander,1790,326
Q27997034,Léon Marie Augustin Henri Ythier Dumuys,1853,1328
Q29341954,Isidor Löwenstern,,1275
Q29341961,Carl Olof von Feilitzen,,1207
Q29342011,Joachim Boessneck,1925,977
Q29342017,Karl Eric Knutsson,1932,698
Q29342046,Bo Vahlne,1943,140
Q47088,Carl David af Wirsén,1842,352
Q57106,Heinrich Schliemann,1822,823
Q57188,Ernst Cassirer,1874,579
Q57188,Ernst Cassirer,1874,579
Q72857,Alexander Conze,1831,834
Q84591,Manfred Mayrhofer,1926,193
Q90930,Oluf Gerhard Tychsen,1734,762
Q96257,Fritz Arnheim,1866,1321
Q124348,Walther von Wartburg,1888,878
Q157324,François Guizot,1787,786
Q167112,Bernhard Karlgren,1889,560
Q178409,Anders Hultén,1757,440
Q315989,"Thomas Babington Macaulay, 1:e baron Macaulay",1800,800
Q318337,Abel-François Villemain,1790,788
Q345108,Johnny Roosval,1879,543
Q470163,Birgit Rausing,1924,162
Q481299,Einar Gjerstad,1897,608
Q541473,Frédéric de Reiffenberg,1795,1254
Q574731,Konráð Gislason,1808,1283
Q692438,Johan David Åkerblad,1763,431
Q709081,Arthur Nock,1902,900
Q828242,Bertil Malmberg,1913,706
Q955847,Eric von Rosen,1879,1149
Q1401658,Jacob Axelsson Lindblom,1746,265
Q1528867,Friedrich Klingner,1894,929
Q1777178,Nils Ahnlund,1889,566
Q1794781,Knut Liestøl,1881,905
Q1806170,Lars Anton Anjou,1803,322
Q2291097,Hans Forssell,1843,486
Q2379989,Sören Halldén,1923,715
Q2476114,Herbert Tingsten,1896,602
Q2490551,Carl Fredrik Scheffer,1715,226
Q2518893,Carl Gustaf Malmström,1822,478
Q2624092,Eustachy Tyszkiewicz,1814,1257
Q2624092,Eustachy Tyszkiewicz,1814,1257
Q2653181,Adolf Noreen,1854,515
Q2960022,Charles Piot,1812,1276
Q3161180,James Rorimer,1905,1370
Q3374596,Theodor Wåhlin,1864,1081
Q3383609,Pierre-Étienne Du Ponceau,1760,783
Q3422087,Kristian Erslev,1852,858
Q3427304,Mårten Stenberger,1898,637
Q3431655,Reinhold Hausen,1850,857
Q3468288,Sture Linnér,1917,1028
Q4353507,Birger Steckzén,1892,1134
Q4444020,Anders Magnus Strinnholm,1786,456
Q4580085,Fredrik Paasche,1886,877
Q4753944,Anders Uppström,1806,1026
Q4830244,Axel Brusewitz,1881,570
Q4949712,Agnes Geijer,1898,1194
Q4962680,Tullia Linders,1925,747
Q4991015,Maria Ågren,1962,145
Q5388895,Erik Waller,1875,1138
Q5544161,Alfred Gustaf Ahlqvist,1838,488
Q5559515,Ture J:son Arne,1879,534
Q5570224,Ingmar Bengtsson,1920,690
Q5572576,Carl Johan Bergman,1817,346
Q5573103,Erik Bergstedt,1760,430
Q5578784,Anton Blanck,1881,565
Q5587291,Carl Bromander,1865,1103
Q5595434,Lauritz Baltzer,1845,1091
Q5597618,Staffan Björck,1915,670
Q5615729,Karl-Hampus Dahlstedt,1917,710
Q5629580,Claes Ekeblad den yngre,1708,225
Q5717823,Theodor Erlandsson,1869,1139
Q5805326,Bengt Hildebrand,1893,657
Q5807847,Carl-Herman Hjortsjö,1914,686
Q5821149,Torvald T:son Höjer,1906,633
Q5828260,Olov Janse,1892,939
Q5862575,Aage Friis,1870,875
Q5900932,Sten Karling,1906,661
Q5916755,Ernst Kock,1864,561
Q5951696,Johan Gustaf Liljegren,1791,449
Q5957723,Svante Lindqvist,1948,91
Q5971969,Einar Magnusson,1891,1163
Q6039205,Johannes Pedersen,1883,874
Q6077749,Axel Romdahl,1880,584
Q6140315,Bengt R. Jonsson,1930,1225
Q6170353,Herman Schück,1925,123
Q6175951,Göran Mascoll Silfverstolpe,1918,163
Q6179098,Wilhelm Sjöstrand,1909,669
Q6201341,Teofron Säve,1842,527
Q6201348,Torgny Säve-Söderbergh,1914,668
Q6206800,Pehr Tham,1737,275
Q6214857,Oscar Trapp,1847,1094
Q6218073,Ragnar Törnebladh,1833,495
Q6231238,Sigurd Wallin,1882,603
Q6231387,Johan Wallman,1792,453
Q6254397,Alf Åberg,1916,167
Q7264593,Pär-Erik Back,1920,731
Q15965241,Carl Gustaf Björkander,1884,1142
Q16616185,Märta Åsdahl Holmberg,1919,717
Q16946386,Ingrid Olsson,1927,160
Q18821605,Gudmund Björck,1905,624
Q19546304,Jonas Palm,1925,693
Q20857223,Carl Johan Becker,1915,984
Q26265356,Johan Forsander,1795,1024
Q27997007,Ragnar Kempe,1901,394
Q27997045,Axel Mante,1896,1201
Q27997046,Johan Fredrik Lundh,1809,1016
Q29341977,Gösta Theodor Ehrnberg,1895,1146
Q29342009,Otto Oberholzer,1919,979
Q52924,Oscar II,1829,295
Q53674,Paul Riant,1836,1289
Q57656,Erwin Panofsky,1892,941
Q72289,Johann Gustav Gottlieb Büsching,1783,1237
Q72780,Karl von Amira,1848,828
Q77184,Leopold von Ranke,1795,801
Q77184,Leopold von Ranke,1795,801
Q90241,Reinhold Koser,1852,838
Q310958,Rasmus Rask,1787,776
Q329875,Abraham Konstantin Mouradgea d'Ohsson,1779,279
Q361261,Prins Bertil,1912,304
Q365824,Eli Heckscher,1879,590
Q518896,Carl Gustaf Estlander,1834,829
Q561089,Ernst Robert Curtius,1886,907
Q571137,Jan Filip,1900,966
Q678483,Ekrem Akurgal,1911,965
Q740094,Sebastiano Ciampi,1769,1251
Q921268,Lars Gyllensten,1921,396
Q952657,Fredrik Lilljekvist,1863,1076
Q1278915,Albert Sorel,1842,830
Q1364827,Finnur Magnússon,1781,1235
Q1369073,Sophus Bugge,1833,491
Q1372544,Gabriel Gustafson,1853,516
Q1621327,Hjalmar Sundén,1908,708
Q1702846,Sigurd Curman,1879,538
Q1777283,Ida Blom,1931,171
Q1926407,Henrik Schück,1855,502
Q2060435,Paul Johansen,1901,935
Q2063496,Paul Åström,1929,707
Q2106584,Peter van Suchtelen,1751,769
Q2331615,Aarne Michaёl Tallgren,1885,868
Q2331615,Aarne Michaёl Tallgren,1885,868
Q2469402,Sigurður Nordal,1886,894
Q3306563,Alan Wace,1879,872
Q3311134,Michel Zink,1945,1416
Q3353704,George Stephens,1813,805
Q3426742,Christian Herbst,1818,822
Q3426905,Hjalmar Stolpe,1841,507
Q4353489,Karl Gustaf Westman,1876,541
Q4354443,Carl Fredrik Fredenheim,1748,262
Q4355601,Oscar Björnstjerna,1819,334
Q4358870,Nils Philip Gyldenstolpe,1734,258
Q5388510,Erik Brate,1857,518
Q5388837,Erik Sjöqvist,1903,680
Q5546685,Johan Alin,1879,1116
Q5557673,Herman Antell,1847,1302
Q5564986,Francis Balodis,1882,1350
Q5599381,Robert Mauritz Bowallius,1817,470
Q5605165,Gustaf Cavalli,1849,1074
Q5606483,Gregers Fougner Lundh,1786,1008
Q5630693,Otto Kristian Ekman,1791,1014
Q5722399,Knud Fabricius,1875,912
Q5746257,Tore Frängsmyr,1938,56
Q5777567,Bo Gustafsson,1931,745
Q5778509,Karl Alfred Gustawsson,1897,666
Q5796348,Anders Hedner,1801,1023
Q5818605,Åke Hyenstrand,1939,753
Q5914144,Carl Arvid Klingspor,1829,1042
Q5956255,Torgny Lindgren,1905,1169
Q5969481,Nils Isak Löfgren,1797,1011
Q6004738,Jacob Fredrik Neikter,1744,414
Q6016392,Erik Noreen,1890,588
Q6071603,Anton Ridderstad,1848,1073
Q6179597,Peter Skautrup,1896,961
Q6179862,Eric Skjöldebrand,1722,425
Q6216651,Sven Tunberg,1882,544
Q6230587,Marcus Wallenberg,1774,278
Q6231532,Karl-August Wallroth,1860,1105
Q6238509,Theodor Westrin,1850,511
Q6247062,Ewert Wrangel,1863,531
Q6256500,Samuel Ödmann,1750,447
Q8044070,Xia Nai,1910,981
Q15965242,Fritz Brusewitz,1856,1112
Q16467584,Sigfrid Svensson,1901,641
Q16650021,Johan Nordlander,1853,1087
Q16663824,Maurice Gravier,1912,974
Q16945191,Torsten Dahlberg,1906,998
Q18756521,Sven A. Nilsson,1914,682
Q19976294,Gunnar Blomgren,1866,1093
Q20051031,Michael Jones,1944,182
Q20623113,Oskar Bandle,1926,978
Q24819146,Olof Simon Rydberg,1822,493
Q25184975,John Allan,1884,1362
Q27996933,Krister Hanell,1904,655
Q27996966,Karl Sanfrid Viktor Welin,1855,1104
Q27996971,Nils August Flodén,1889,1229
Q27996983,Carl Fredrik Lindberg,1830,1047
Q27997015,Thor Hjalmar Cullberg,1831,1037
Q27997031,Samuel Sernsköld,1713,405
Q27997053,Gunnar Ekström,1893,1164
Q29318338,Mats Thelander,1945,137
Q29341940,Ernst Murbach,1915,1382
Q29341943,Carl Robert Robertson,,1355
Q29341965,Jan Liedgren,1909,1196
Q29341981,Klas Herman Killander,1878,1140
Q29341993,Nils Pettersson,1849,1085
Q29341999,Johan Hambræus,1829,1053
Q29342001,Sigge Bogislaus Ulfsparre,1828,1051
Q29342006,Moses Söderström,1774,1018
Q29342006,Moses Söderström,1774,1018
Q29342023,Carl Evert Bernhard Taube,1834,503
Q29342024,Georg Frans Tihleman,1770,424
Q29342034,Sten Abraham Piper,1738,240
Q45662,Klemens von Metternich,1773,787
Q65600,Heinrich von Sybel,1817,816
Q68383,Georg Heinrich Pertz,1795,797
Q85162,Albin Lesky,1896,957
Q92374,Dietrich Schäfer,1845,841
Q124073,Jean Charles Léonard de Sismondi,1773,779
Q153232,Jean Le Rond d'Alembert,1717,247
Q283088,André Chastel,1912,982
Q320931,Christian Jürgensen Thomsen,1788,799
Q327758,Prins Eugen av Sverige,1865,300
Q360084,Jurij Lotman,1922,987
Q373930,Carl Christian Rafn,1795,1234
Q427805,Alexandru Rosetti,1895,948
Q444002,Frans G. Bengtsson,1894,1157
Q719983,Johan Ihre,1707,231
Q827842,John Bryan Ward-Perkins,1912,1363
Q854253,Ferenc Pulszky,1814,824
Q933386,Tor Andræ,1885,572
Q977261,Peter Frederik Suhm,1728,758
Q1037052,Bernhard Salin,1861,517
Q1094914,Luigi Pigorini,1842,825
Q1369099,P.V. Glob,1911,952
Q1373357,G. M. Trevelyan,1876,911
Q1384083,Richard Dybeck,1811,1017
Q1400377,Peter Erasmus Müller,1776,777
Q1731179,Karl Förstemann,1804,1255
Q2001721,Claes Annerstedt,1839,490
Q2064881,Erik Fahlcrantz,1790,328
Q2190143,Axel Kock,1851,521
Q2755384,Joseph Déchelette,1862,850
Q2834329,Aleksej Bobrinskij,1852,1318
Q3087081,Frederic Ward Putnam,1839,1325
Q3090235,Frédéric Troyon,1815,1273
Q3116666,Grigory Bongard-Levin,1933,993
Q3184950,Joseph Florimond Loubat,1831,844
Q3200657,Kustaa Vilkuna,1902,964
Q3356803,Didrik Arup Seip,1884,893
Q3431605,Nils Cleve,1905,955
Q3566058,Karl Vilhelm Zetterstéen,1866,551
Q3767414,Giovanni Gozzadini,1810,810
Q3856252,Michael Roberts,1908,918
Q3903456,Pierre Justin Sabatier,1792,1277
Q4349660,Bernhard von Beskow,1796,289
Q4457034,Gustaf Wilhelm af Tibell,1772,280
Q4542909,Alf Henrikson,1905,1193
Q4569350,Anders Piltz,1943,110
Q4992736,Carl Wilhelm Böttiger,1807,479
Q5495166,Fred Forsberg,1862,1100
Q5548002,Karl Tigerstedt,1822,820
Q5558566,Holger Arbman,1904,638
Q5562596,Pehr Fabian Aurivillius,1756,437
Q5579332,Isac Reinhold Blom,1762,274
Q5784271,Mauritz Hallberg,1851,1343
Q5856223,Victor Ewald,1869,1111
Q5886593,Johan Johansson,1840,1075
Q5894398,Hugo Jungner,1881,1133
Q5931510,Fredrik Lagerroth,1885,622
Q5946836,Torsten Leon-Nilson,1920,1198
Q5951400,Joakim Vilhelm Liliestråle,1721,233
Q5954083,Örjan Lindberger,1912,709
Q5957946,Sten Lindroth,1914,651
Q5973843,Mats P. Malmer,1921,712
Q6027049,Henry Olsson,1896,597
Q6044827,Theodor Petersen,1875,1354
Q6051457,Magnus von Platen,1920,730
Q6064056,Nils Ludvig Rasmusson,1904,653
Q6079303,Jerker Rosén,1909,671
Q6080164,Nils von Rosenstein,1752,245
Q6083620,Nils Runeby,1931,746
Q6168199,Carl Johan Schlyter,1795,460
Q6178291,Pehr Sjöbring,1776,454
Q6178671,Wilhelm Sjögren,1866,364
Q6194197,Harry Ståhl,1905,685
Q6197780,Wilhelm Erik Svedelius,1816,474
Q6209021,Bengt Thordeman,1893,600
Q6210214,Pehr Thyselius,1769,443
Q6231175,Josef Wallin,1786,471
Q6234347,Jörgen Weibull,1924,739
Q6235202,Erik Wellander,1884,581
Q6235504,Henry Weman,1897,1175
Q6542416,Włodzimierz Antoniewicz,1893,1361
Q11886313,Paavo Ravila,1902,945
Q12315659,Harald Langberg,1919,1376
Q12332125,Poul Bredo Grandjean,1880,1367
Q12372171,Peeter Arumaa,1900,634
Q16159187,Artur Attman,1910,699
Q16633281,Håkan Möller,1959,1413
Q16649586,Nils Axel Kullberg,1824,492
Q16649953,Ernst Nachmanson,1877,569
Q16650428,Victor Svanberg,1896,625
Q21014560,Folke Högberg,1884,1179
Q21264349,Marianne Gullberg,1964,1402
Q26333639,Harald Hagendahl,1889,587
Q27996935,Elisabeth Rynning,1955,1409
Q27997000,Erik Karl Fabian Bæhrendtz,1885,1152
Q27997021,Signhild Engkvist,1909,395
Q29341959,Lennart Diener,,1217
Q29341968,Andreas Emil Oldeberg,1892,1188
Q29341974,Gunnar Hellström,1887,1165
Q29341983,Valentin Gunnar Johannes Håkansson,1886,1136
Q6701,Jacob Grimm,1785,789
Q62565,Ewald Friedrich von Hertzberg,1725,757
Q65248,Andreas Peter Bernstorff,1735,761
Q76432,Rudolf Virchow,1821,815
Q77626,Konrad von Maurer,1823,812
Q98713,Albert Voß,1837,1315
Q103102,Otto Tischler,1843,1306
Q117763,Giuseppe Gasparo Mezzofanti,1774,793
Q151911,Jöns Jacob Berzelius,1779,284
Q213871,Frederik Münter,1761,768
Q215339,Johan Ludvig Runeberg,1804,807
Q310396,Kristján Eldjárn,1916,962
Q313581,Nicolae Iorga,1871,1347
Q325547,Fredrik Böök,1883,596
Q347374,Gustaf Adolf,1906,302
Q380738,Hjalmar Frisk,1900,599
Q434346,Victor Cousin,1792,1269
Q447581,Marcel Aubert,1884,910
Q521592,Kristoffer Nyrop,1858,1332
Q549109,Artur Hazelius,1833,504
Q680045,Manuel Francisco de Barros e Sousa Santarém,1791,1256
Q700275,Armand de Quatrefages de Bréau,1810,809
Q716743,Jean-Pierre Abel-Rémusat,1788,1240
Q717133,Arvid August Afzelius,1785,463
Q940383,H.S. Nyberg,1889,575
Q1039042,Carl Johan Tornberg,1807,464
Q1335233,William Marsden,1754,775
Q1388885,Pontus Fahlbeck,1850,525
Q1393566,Alexander Schnütgen,1843,1323
Q1404688,Feng Zhi,1905,976
Q1447568,Joseph Bosworth,1788,1265
Q1795893,Theodor Grienberger,1855,1341
Q1853467,Christian C.A. Lange,1810,1022
Q2073153,Johan Adam Tingstadius,1748,268
Q2155974,Roar Hauglid,1910,956
Q2172372,Rudolf Baier,1818,1314
Q2472294,Emil Viktor Langlet,1824,1061
Q2666161,Georg de Laval,1883,1168
Q2718795,Marc-Antoine Jullien fils,1775,1249
Q3388174,Pietro Romanelli,1889,968
Q3393699,José Pedro Machado,1914,960
Q3430369,Harold Walter Bailey,1899,898
Q4223295,Gustaf Edvard Klemming,1823,475
Q4241627,Abraham Peter Cronholm,1809,477
Q4939762,Gerda Boëthius,1890,1126
Q4992071,Curt Weibull,1886,612
Q5546274,Nils Alexanderson,1875,379
Q5554002,Aron Andersson,1919,696
Q5556987,Josef Anér,1889,387
Q5558558,Ernst Arbman,1891,646
Q5585945,Lennart Breitholtz,1909,705
Q5596035,Ludovic Beauchet,1855,840
Q5596837,Lars Berglund,1964,1414
Q5610121,Bengt Cnattingius,1899,1209
Q5622601,Anders Diös,1891,1182
Q5754636,Herman Geijer,1871,568
Q5788304,Einar Hansen,1902,1191
Q5816417,Olof Hult,1868,1137
Q5886069,Gotthard Johansson,1891,1158
Q5930757,Carl Lagerberg,1859,1077
Q5967999,Vilhelm Lundström,1869,547
Q6001491,Adolf Göran Mörner,1773,281
Q6015747,Carl Axel Nordman,1892,904
Q6016170,Johan Nordström,1891,586
Q6060299,Gustaf Reinhold Rabe,1813,472
Q6064520,Gad Rausing,1922,398
Q6171709,Albrekt Julius Segerstedt,1763,1071
Q6187863,Sverre Steen,1898,889
Q6191600,Jan Storm,1903,1218
Q6193475,Dag Strömbäck,1900,592
Q6212505,Yrjö Henrik Toivonen,1890,913
Q6229011,Axel Wahlstedt,1867,1109
Q6243550,John West Wilson,1816,1067
Q7360707,Rolf Danielsen,1922,989
Q8076062,Zófimo Consiglieri Pedroso,1851,1304
Q11857826,Emil Öhmann,1894,932
Q12313688,Georg Galster,1889,1356
Q12341041,Vilhelm Lorenzen,1877,1360
Q16633253,Mats Malm,1964,1391
Q18508562,Olof Sörling,1852,1072
Q18674968,Henrik Birnbaum,1925,1216
Q19946464,Bo Eric Ingelmark,1913,1170
Q24242934,Otto Haintz,1890,1366
Q27093894,Erik Granlund,1892,1128
Q27996924,Gustaf Holmér,1921,727
Q27996925,Göran Edvard Henning Posse,1868,1147
Q27996943,Josef August Samuel Lagergren,1820,1055
Q27997017,Gabriele Laureani,1788,1262
Q27997030,Johan Emil Hagdahl,1836,1062
Q29341933,Gunlög Fur,1957,1401
Q29341935,Ann Catherine Bonnier,1942,1396
Q29341946,Giuseppe Angelo Colini,1857,1333
Q29341950,Armand de Flaux,1819,1286
Q29341970,Karl Elias Hermelin,1895,1184
Q29341972,Gustaf Wilhelm Israel Jonzon,1885,1178
Q29341979,Otto Bernt Santesson,1874,1144
Q29341979,Otto Bernt Santesson,1874,1144
Q29342004,Johan Wilhelm Schürer von Waldheim,1843,1046
Q29342015,Per Gustaf Hamberg,1913,704
Q29342021,Carl David Hannerberg,1900,649
Q52555075,Albrekt Segerstedt,1844,1071
Q24139,Arnold Hermann Ludwig Heeren,1760,771
Q29297,Carl Ritter,1779,791
Q57538,Johan I av Sachsen,1801,400
Q66921,Eduard Gerhard,1795,1272
Q66936,Georg Waitz,1813,817
Q73496,Friedrich Karl Hermann Kruse,1790,1238
Q74395,Johanna Mestorf,1828,837
Q74573,Otto Regenbogen,1891,916
Q76894,Eduard Meyer,1855,845
Q101915,Georg Christian Friedrich Lisch,1801,802
Q108836,Carl Russwurm,1812,1297
Q109288,Carl Georg Heise,1890,915
Q110312,Heinz Bechert,1932,986
Q119529,Rudolf Hotzenköcherle,1903,954
Q123644,Claus von Carnap-Bornheim,1957,1411
Q231349,Mary Douglas,1921,994
Q350183,Georg Henrik von Wright,1916,947
Q374572,François-Joachim de Pierre de Bernis,1715,755
Q481346,Axel W. Persson,1888,546
Q530528,Ragnhild Hatton,1913,1368
Q543519,Marcel Bataillon,1895,942
Q563439,Mathieu Auguste Geffroy,1820,819
Q731379,Clas Theodor Odhner,1836,481
Q962271,Jens Jacob Worsaae,1821,811
Q984003,Jón Helgason,1899,928
Q1064466,Oscar Almgren,1869,523
Q1161823,Daniel Mornet,1878,899
Q1394882,Paolo Orsi,1859,848
Q1582059,Hans Robert Hahnloser,1899,958
Q1583039,Hans Wentzel,1913,1364
Q1677505,Jacob Gråberg,1776,1000
Q2063108,Pascual de Gayangos y Arce,1809,1281
Q2377709,Martin Lamm,1880,558
Q2512349,Jānis Endzelīns,1873,873
Q2782990,Alfred Hackman,1864,855
Q3351532,Olof Arrhenius,1895,1132
Q3427297,Karl-Gustaf Hildebrand,1911,673
Q3431561,Ella Kivikoski,1901,950
Q4575881,Nils Gabriel Djurklou,1829,482
Q4978472,Karin Sidén,1961,1410
Q4978472,Karin Sidén,1961,1410
Q5571427,Wilhelm Berg,1839,1057
Q5580503,Bertil Boëthius,1885,548
Q5587313,Bertil Broomé,1913,724
Q5589139,Johannes Brøndum-Nielsen,1881,901
Q5591788,Fabian Julius Bæhrendtz,1849,1078
Q5603107,Gottfrid Carlsson,1887,576
Q5759595,Hans Gillingstam,1925,156
Q5776975,Carl Gunne,1893,1181
Q5795515,Johan Hedenborg,1787,1025
Q5796610,Peter Hedström,1955,1397
Q5803215,Axel Herrlin,1870,554
Q5804085,Carl Arvid Hessler,1907,684
Q5808735,Herman Hofberg,1823,1040
Q5810984,Olle Holmberg,1893,628
Q5825684,Jalmari Jaakkola,1885,888
Q5889112,Pehr Johnsson,1873,1123
Q5912301,Knut Kjellmark,1866,1083
Q5914389,Mathias Klintberg,1847,1080
Q5933130,Sven Lampa,1870,1096
Q5937577,Hans Emil Larsson,1855,1084
Q5950263,Evald Lidén,1862,550
Q6022280,Wilhelm Odelberg,1918,1222
Q6051688,Hilding Pleijel,1893,626
Q6088424,Jöran Sahlgren,1884,595
Q6088638,Karl Esaias Sahlström,1884,1118
Q6198020,Josef Svennung,1895,604
Q6218239,John Adamson,1787,1245
Q6254893,Waldemar Åhlén,1894,1176
Q7025175,Nicholas Carlisle,1771,1244
Q10307166,Joaquim Filipe Nery da Encarnação Delgado,1835,1303
Q12331137,Peder Goth Thorsen,1811,1291
Q12332212,Poul Nørlund,1888,882
Q12338505,Søren Egerod,1923,972
Q13561169,Velta Rūķe-Draviņa,1917,733
Q15122874,Einar Ólafur Sveinsson,1899,959
Q16160645,Olof Rudolf Bellander,1794,1038
Q16650013,Johan Albert Nordberg,1871,1131
Q17909236,Boo von Malmborg,1905,1215
Q19663105,Pompeo Castelfranco,1843,1307
Q20948882,Börje Blomé,1921,1226
Q20961969,Paul Cazalis de Fondouce,1835,1296
Q21127054,Pedro Sabau y Larroya,1808,1285
Q21477556,Antonio Delgado y Hernández,1805,1280
Q21612869,Johan Alfred Wiström,1830,1045
Q27996909,Karl Johan Laurentius Torin,1826,1043
Q27996939,Lisa Kristina Stenberger,1904,1211
Q27996941,Axel Johan Hallin,1877,1107
Q27996979,Sven Emanuel Dedering,1897,636
Q27997014,Wilhelm Ridderstad,1843,1069
Q27997039,Josef Natanael Hedin,1880,1172
Q27997044,Frithiof Rundgren,1921,675
Q27997050,Karin Petherick,1929,1383
Q29341936,Peter Gillgren,1958,1395
Q29341938,Mats Arne Roslund,1957,1394
Q29341938,Mats Arne Roslund,1957,1394
Q29341942,Albert Maria Ammann,1892,1369
Q29341962,Aleksandrs Platbarzdis,1899,1200
Q29341963,Per Jerker Asplund,1901,1199
Q29341984,Oskar Leonard Nilsson,1887,1124
Q29341986,Johan Axel Ludvig Quist,1862,1120
Q39383121,Richard Wilhelm Georg Vasmer,1888,1351
Q6714,Wilhelm Grimm,1786,798
Q63182,Christian Gottlob Heyne,1729,764
Q70855,Friedrich von Raumer,1781,1248
Q74203,Percy Ernst Schramm,1894,927
Q77420,Max Vasmer,1886,606
Q89546,Joseph von Hammer-Purgstall,1774,1239
Q92465,Hans Seger,1864,1327
Q107815,Bernhard Bischoff,1906,983
Q121409,Frédéric Soret,1795,1278
Q152308,Drottning Silvia,1943,1386
Q156390,Kronprinsessan Victoria,1977,1387
Q168896,Władysław Konopczyński,1880,864
Q220130,William Flinders Petrie,1853,860
Q254524,Józef Ignacy Kraszewski,1812,1298
Q301586,Aarno Maliniemi,1892,933
Q451416,Giovanni Capellini,1833,1294
Q502983,Michael Rostovtzeff,1870,865
Q535764,Isak Collijn,1875,535
Q571710,Francis Bull,1887,896
Q678541,Bruno Migliorini,1896,937
Q879688,Björn M. Ólsen,1850,1339
Q1345868,Oluf Rygh,1833,489
Q1378509,Haakon Shetelig,1877,881
Q1387221,Henry Christy,1810,1288
Q1389266,Alexandros Rizos Rangavis,1809,1282
Q1397114,Rudolf Keyser,1803,1021
Q1491858,Ted Strehlow,1908,1377
Q1506289,Georg von Munthe af Morgenstierne,1892,869
Q1750483,John Yonge Akerman,1806,1279
Q1776740,Alexander Bugge,1870,1342
Q1803048,Henning Frederik Feilberg,1831,1336
Q1899007,Mario Roques,1875,925
Q1966182,Hans Peter L'Orange,1903,936
Q2005797,William A. Craigie,1867,920
Q2021110,Olof August Danielsson,1852,513
Q2158388,Robert Nisbet Bain,1854,1334
Q2600492,Yngve Brilioth,1891,598
Q2960185,Charles Samaran,1879,919
Q3083617,François-Philippe Gourdin,1739,1231
Q3267935,Magnus Olsen,1878,859
Q3358346,Troels Frederik Troels-Lund,1840,852
Q3430368,Ludvig Müller,1809,813
Q3659681,"Carlo Ottavio, Count Castiglione",1784,1252
Q4247211,Ernst Kunik,1814,1287
Q4251388,Heinrich Karl Ernst Köhler,1765,778
Q4251388,Heinrich Karl Ernst Köhler,1765,778
Q4569302,Elias Bredsdorff,1912,1379
Q4821579,Augustus Wollaston Franks,1826,814
Q4992359,Sophus Müller,1846,836
Q5144685,Colette Caillat,1921,990
Q5557725,Eric Anthoni,1893,938
Q5588425,Sture Brunnsåker,1925,718
Q5589660,Søren Bruun Bugge,1798,1005
Q5596255,Agne Beijer,1888,616
Q5712358,Olle Engkvist,1889,1183
Q5734921,Stig Fogelmarck,1916,719
Q5743237,Algot Friberg,1850,1063
Q5793312,Peter Christian Hauberg,1844,1316
Q5795335,Folke Hedblom,1908,1210
Q5807946,Erland Hjärne,1887,607
Q5810757,Axel Emanuel Holmberg,1817,1012
Q5810930,John Holmberg,1886,611
Q5828652,E. Alfred Jansson,1878,1166
Q5992195,Arthur Montgomery,1889,642
Q6014469,Arthur Nordén,1891,1143
Q6168262,Kurt von Schmalensee,1896,1186
Q6187568,Ludvig Stavenow,1864,514
Q6194026,Carl Gustaf Styffe,1817,473
Q6219796,Ingvald Undset,1853,1059
Q6227563,Nils Vult von Steyern,1887,383
Q6241437,K. Rob. V. Wikman,1886,931
Q7088271,Olle Ferm,1947,1390
Q8019844,William Widgery Thomas,1839,1329
Q10517350,Hans Schlyter,1910,1195
Q11874744,Lars-Ivar Ringbom,1901,946
Q12312690,Frederik Poulsen,1876,887
Q12359567,Armin Tuulse,1907,677
Q16649564,Frej Klemming,1893,1187
Q16650338,Alvar Silow,1885,1125
Q16650445,Gustaf Volmar Sylvander,1816,1041
Q16650445,Gustaf Volmar Sylvander,1816,1041
Q16945228,Åke Fridh,1918,728
Q18238225,Adolf Croneborg,1900,1212
Q18330930,Frank Behre,1896,632
Q18736292,Jean-Baptiste Lautard,1768,1232
Q19043296,John Walker,1900,1372
Q19963763,Otto Olshausen,1840,1313
Q29342050,Ulf Sporrong,1936,125
Q29342058,Kirsten Gram Holmström,1925,57
Q55753548,Åke Holmberg,1915,716
Q29342063,Gustaf Wetter,1813,7
Q29342056,Merja Kytö,1953,80
Q29342041,Lana Troy,1946,202
Q29342060,Ingmar Brohed,1940,34
Q29342064,Johan Wilhelm Bergman,1796,3
Q48542876,Ingela Nilsson,1970,1419
Q48543067,Gunnel Ekroth,1963,1418
Q22582432,Carlo Bonucci,1799,1253
Q24049583,Rudolf Cronstedt,1909,1204
Q27042116,John Hamner,1870,1106
Q27981226,Alexander Seton,1768,1003
Q27996991,Anders Magnus Lindeblad,1825,1064
Q27997049,Percy Elfstrand,1891,1155
Q29341934,Maarit Jänterä-Jareborg,1954,1398
Q29341945,John Richard Clark Hall,1855,1338
Q29341948,Friedrich Wilhelm Spiegelthal,1829,1293
Q29341948,Friedrich Wilhelm Spiegelthal,1830,1293
Q29341949,Diego Bonghi,1799,1290
Q29341967,Erik Olof Leonard Behm,1890,1189
Q29341988,Frans Rodenstam,1847,1113
Q29341990,Ludvig Edvard Hedell,1844,1099
Q29342003,Ernst Gustaf Hjertberg,1831,1048
Q29342008,Erik Per Johan Dal,1922,988
Q38573,Walter Jens,1923,jens-walter
Q52878,Gustaf VI Adolf,1882,gustaf-vi-adolf-konung
Q57239,Ludwig Tieck,1773,1246
Q63183,August Boeckh,1785,boeckh-august
Q66092,Theodor Wiegand,1864,863
Q67409,Christian Karl Josias von Bunsen,1791,von-bunsen-christian-carl-josias
Q73553,Friedrich Heinrich von der Hagen,1780,von-der-hagen-friedrich-heinrich-
Q104728,Joseph Braun,1857,1357
Q188929,Arthur Evans,1851,847
Q321959,Martin P:son Nilsson,1874,533
Q333202,Hugo Pipping,1864,1337
Q350124,Kevin Mulligan,1951,1385
Q366786,Henri Breuil,1877,1345
Q372652,"Claude Emmanuel Joseph Pierre, marquis de Pastoret",1755,1230
Q380824,Jean Jacques Ampère,1800,1271
Q442232,Fjodor Braun,1862,1344
Q659722,Salomon Reinach,1858,1320
Q760870,August Beck,1812,1295
Q865173,Birger Nerman,1888,593
Q1306158,Juliane Giovane,1757,760
Q1306158,Juliane Giovane,1766,760
Q1373367,Olof von Dalin,1708,von-dalin-olof
Q1712861,Julius Erdmann August Naue,1833,1324
Q1782217,Konrad Marc-Wogau,1902,672
Q1960724,Hans Järta,1774,jarta-hans
Q2440796,Henri Hubert,1872,1346
Q2660801,Carl Ferdinand Allen,1811,1292
Q2744392,Finnur Jónsson,1858,1331
Q2860647,Arcisse de Caumont,1801,1274
Q3172923,Jean Labouderie,1776,1242
Q3333112,Jacob Wallenberg,1892,wallenberg-jacob
Q3427606,Henry Petersen,1849,1309
Q3430113,Juhani Rinne,1872,1352
Q3439005,Claudius Jacob Schive,1792,schive-claudius-jacob
Q3439005,Claudius Jacob Schive,1792,schive-claudius-jacob
Q3735543,Eino Jutikkala,1907,949
Q3805768,Jakob Adlerbeth,1785,adlerbeth-jacob
Q3903701,Pietro Bianchi,1787,1267
Q4345728,Jacob Tengström,1755,tengstrom-jacob
Q4990132,Berit Wallenberg,1902,1192
Q4992085,Lars von Engeström,1751,von-engestrom-lars
Q5400516,Yrjö Hirn,1870,891
Q5571227,Gösta Berg,1903,652
Q5571830,Per Erik Bergfalk,1798,461
Q5573767,Karl Berlin,1871,1082
Q5581962,Carl von Bonsdorff,1862,1340
Q5584151,Vilhelm Boye,1837,1310
Q5615348,Sigurd Dahlbäck,1866,1121
Q5626148,Carl Wilhelm von Düben,1724,von-duben-carl-wilhelm
Q5714463,Einar Erici,1885,1154
Q5821143,Torvald M:son Höjer,1876,539
Q5914516,Oskar Klockhoff,1850,1086
Q5917753,Janus Lauritz Andreas Kolderup-Rosenvinge,1792,1236
Q5948215,Lars Levander,1883,601
Q5955376,Erik Hjalmar Linder,1906,1206
Q6019515,Ernst Nygren,1889,609
Q6198582,Hilding Svensson,1890,1148
Q6201326,Carl Säve,1812,476
Q6231454,Bo Wallner,1923,741
Q6238340,Henric Westman,1853,1101
Q7174032,Peter Foote,1924,1380
Q9129561,Itaru Tomiya,1952,1408
Q12300596,Adolph Strunk,1816,1308
Q12302239,William Mollerup,1846,1322
Q16650617,Erik Wistrand,1907,681
Q17679584,Jakob Jakowlewitsch Reichel,1778,reichel-jacob
Q18246804,Pehr Gunnar Vejde,1885,1150
Q18816566,John Tuneld,1904,1213
Q21083487,Guglielmo De Angelis d'Ossat,1907,930
Q21586927,Åke Davidsson,1913,1220
Q22995872,Amédée Chaumette des Fossés,1782,1233
Q23989481,Malte Eurenius,1821,1058
Q27996964,Carl Fredrik Hallencreutz,1934,750
Q27997009,Reginald Hugh Michael Dolley,1925,1378
Q27997020,Sven Tore Alfred Rydberg,1917,1203
Q28871831,Erik Vennberg,1886,vennberg-erik-linus
Q29341941,Hans Thümmler,1910,1381
Q29341947,Oskar Planer,1854,1311
Q29341956,Björn Hartvig Helmfrid,,1224
Q29341971,Hans Harald Stale,1893,1180
Q29341976,Poul Helge Enger,,1156
Q29341998,Anders Fredrik Ekewall,1819,1054
Q29342025,Carl Johan Strand,1728,strand-carl-johan.html
Q29997027,Gunnel Cederlöf,1960,1417
